name,url,language,included,pw_detected,pw_confidence,has_workflows,workflow_files,mentions_test,default_branch,latest_run_conclusion,verified_passing
0x100/cucumber-auto-tests,https://github.com/0x100/cucumber-auto-tests,java,False,False,,False,,False,,,
10ravikumar/serenity-cucumber,https://github.com/10ravikumar/serenity-cucumber,java,False,False,,False,,False,,,
1992Prince/Cucumber-TS,https://github.com/1992Prince/Cucumber-TS,nodejs,False,False,,False,,False,,,
70RR3S/playwright-cucumber-api-e2e-tests,https://github.com/70RR3S/playwright-cucumber-api-e2e-tests,nodejs,False,True,STRONG,False,,False,,,
7ep/demo,https://github.com/7ep/demo,java,False,False,,False,,False,,,
ARAVINDMS444/web-automation-playwright-cucumber-typescript,https://github.com/ARAVINDMS444/web-automation-playwright-cucumber-typescript,nodejs,True,True,STRONG,True,playwright.yml,True,main,success,True
AZANIR/Playwright_Cucumber_Allure,https://github.com/AZANIR/Playwright_Cucumber_Allure,nodejs,False,True,STRONG,True,test.yml,True,master,,False
AZANIR/cypress-cucumber,https://github.com/AZANIR/cypress-cucumber,nodejs,False,False,,True,cypress-cucumber.yml,True,,,
Abdujilil/ZeroBank,https://github.com/Abdujilil/ZeroBank,java,False,False,,True,regression_test.yaml;smoke_test.yaml,True,,,
AbrahamPractice/playwright-cucumber,https://github.com/AbrahamPractice/playwright-cucumber,nodejs,False,True,STRONG,False,,False,,,
Accenture/bdd-for-all,https://github.com/Accenture/bdd-for-all,java,False,False,,True,maven.yml,False,,,
Adarsh2692/playwright-cucumber,https://github.com/Adarsh2692/playwright-cucumber,nodejs,False,True,STRONG,True,test.yml,True,master,,False
AdnanVanni/Playwrightcucumber,https://github.com/AdnanVanni/Playwrightcucumber,nodejs,False,True,STRONG,False,,False,,,
AdrienZianne/calculator-cucumber-2025,https://github.com/AdrienZianne/calculator-cucumber-2025,java,False,False,,False,,False,,,
AlexGalichenko/cucumber-e2e-boilerplate,https://github.com/AlexGalichenko/cucumber-e2e-boilerplate,nodejs,False,False,,False,,False,,,
AlexRiaboshapka/playwright-ts-cucumber,https://github.com/AlexRiaboshapka/playwright-ts-cucumber,nodejs,False,True,STRONG,True,test.yml,True,master,,False
AlgorBerunDev/cucumber-playwright,https://github.com/AlgorBerunDev/cucumber-playwright,nodejs,False,True,STRONG,True,test.yml,True,main,,False
AndreyMelnichenko/cy-ts-cucumber,https://github.com/AndreyMelnichenko/cy-ts-cucumber,nodejs,False,False,,True,build.yaml,True,,,
AndriiFrolov/playwright-cucumber,https://github.com/AndriiFrolov/playwright-cucumber,nodejs,False,True,STRONG,False,,False,,,
AndyLPK247/cucumber-jvm-java-example,https://github.com/AndyLPK247/cucumber-jvm-java-example,java,False,False,,False,,False,,,
AndyLPK247/cucumber-jvm-java8-example,https://github.com/AndyLPK247/cucumber-jvm-java8-example,java,False,False,,False,,False,,,
AnubhavQA/CucumberExample,https://github.com/AnubhavQA/CucumberExample,java,False,False,,False,,False,,,
AppiumTestDistribution/AppiumTestDistribution,https://github.com/AppiumTestDistribution/AppiumTestDistribution,java,False,False,,False,,False,,,
Arc-E-Tect/arc-e-tect_phonebook,https://github.com/Arc-E-Tect/arc-e-tect_phonebook,java,False,False,,True,build-of-master.yml;merge-request-check.yml;nightly_cleanup.yml;push-to-dev.yml;refreshVersions.yml,False,,,
Arc-E-Tect/hellocucumber,https://github.com/Arc-E-Tect/hellocucumber,java,False,False,,False,,False,,,
Arevka22/Cucumber_1,https://github.com/Arevka22/Cucumber_1,nodejs,False,True,STRONG,False,,False,,,
Argannor/libGDX-with-cucumber,https://github.com/Argannor/libGDX-with-cucumber,java,False,False,,False,,False,,,
Arjun-Ar91/Wdio7-appium-cucumber,https://github.com/Arjun-Ar91/Wdio7-appium-cucumber,nodejs,False,False,,False,,False,,,
ArjunYalapalli/LumaCucumberBDD,https://github.com/ArjunYalapalli/LumaCucumberBDD,java,False,False,,False,,False,,,
Arungu/Playwright_Cucumber,https://github.com/Arungu/Playwright_Cucumber,nodejs,False,True,STRONG,True,playwright.yml,True,main,,False
AshisRaj/bdd-with-cucumber-selenium,https://github.com/AshisRaj/bdd-with-cucumber-selenium,java,False,False,,False,,False,,,
Automated-Test-Lab/playwright-typescript-cucumber,https://github.com/Automated-Test-Lab/playwright-typescript-cucumber,nodejs,False,True,STRONG,False,,False,,,
AykutSaglamaz/cucumber2023,https://github.com/AykutSaglamaz/cucumber2023,java,False,False,,False,,False,,,
AzimKorkmaz/ParaBankProject_Cucumber,https://github.com/AzimKorkmaz/ParaBankProject_Cucumber,java,False,False,,False,,False,,,
B-35-36/cucumber-framework,https://github.com/B-35-36/cucumber-framework,java,False,False,,False,,False,,,
B-IANSON/selenium-cucumber-docker-seleniumgrid,https://github.com/B-IANSON/selenium-cucumber-docker-seleniumgrid,java,False,False,,False,,False,,,
BalamiRR/QA-Testinium,https://github.com/BalamiRR/QA-Testinium,java,False,False,,False,,False,,,
BarathArivazhagan/cucumber-spring-integration,https://github.com/BarathArivazhagan/cucumber-spring-integration,java,False,False,,False,,False,,,
Belemir/SeleniumWithCucumber,https://github.com/Belemir/SeleniumWithCucumber,java,False,False,,False,,False,,,
BernaGokce/cucumber-java-appium-boilerplate,https://github.com/BernaGokce/cucumber-java-appium-boilerplate,java,False,False,,False,,False,,,
Binhlex/playwright-cucumber,https://github.com/Binhlex/playwright-cucumber,nodejs,False,True,STRONG,True,playwright.yml,True,master,,False
Bivis-s/EDU-AQA-Qase,https://github.com/Bivis-s/EDU-AQA-Qase,java,False,False,,False,,False,,,
Book-Microservices-v2/cucumber-tests,https://github.com/Book-Microservices-v2/cucumber-tests,java,False,False,,False,,False,,,
Bora-CS/batch9-cucumber-framework,https://github.com/Bora-CS/batch9-cucumber-framework,java,False,False,,False,,False,,,
BrowserStackCE/browserstack-examples-cucumber-testng,https://github.com/BrowserStackCE/browserstack-examples-cucumber-testng,java,False,False,,True,Semgrep.yml,False,,,
BrowserStackCE/browserstack-examples-cucumber-webdriverio,https://github.com/BrowserStackCE/browserstack-examples-cucumber-webdriverio,nodejs,False,False,,True,Semgrep.yml,False,,,
BrowserStackCE/playwright-cucumber-browserstack,https://github.com/BrowserStackCE/playwright-cucumber-browserstack,nodejs,True,True,STRONG,True,Semgrep.yml,False,main,success,True
CapgeminiNorway/learnmake-cucumber-selenium,https://github.com/CapgeminiNorway/learnmake-cucumber-selenium,java,False,False,,False,,False,,,
Catena-Media/Dtective,https://github.com/Catena-Media/Dtective,java,False,False,,False,,False,,,
ChristianAA/selenium-springboot-example,https://github.com/ChristianAA/selenium-springboot-example,java,False,False,,True,daily-test.yml,True,,,
ClearPointNZ/connect-java-cucumber,https://github.com/ClearPointNZ/connect-java-cucumber,java,False,False,,False,,False,,,
Clutcha/EspressoCucumber,https://github.com/Clutcha/EspressoCucumber,java,False,False,,False,,False,,,
CodingDojoPolytech/cucumber-mockito-shakespeare,https://github.com/CodingDojoPolytech/cucumber-mockito-shakespeare,java,False,False,,False,,False,,,
Comcast/zucchini,https://github.com/Comcast/zucchini,java,False,False,,False,,False,,,
CourseRepository/SeleniumWebdriverWithCucumber,https://github.com/CourseRepository/SeleniumWebdriverWithCucumber,java,False,False,,False,,False,,,
CraftOfProgramming/CucumberWithJavaFullCourse,https://github.com/CraftOfProgramming/CucumberWithJavaFullCourse,java,False,False,,False,,False,,,
CrazyDevo/cucumber-bdd-junit,https://github.com/CrazyDevo/cucumber-bdd-junit,java,False,False,,False,,False,,,
CrazyDevo/cucumber-junit-bdd,https://github.com/CrazyDevo/cucumber-junit-bdd,java,False,False,,False,,False,,,
CrazyDevo/cydeo-cucumber-junit-project-last,https://github.com/CrazyDevo/cydeo-cucumber-junit-project-last,java,False,False,,False,,False,,,
Cristi-Fogel/playwright_cucumber1,https://github.com/Cristi-Fogel/playwright_cucumber1,nodejs,False,True,STRONG,False,,False,,,
CundullahT-CT/cucumber-logging-project,https://github.com/CundullahT-CT/cucumber-logging-project,java,False,False,,False,,False,,,
Cybertek-Archives/simple-cucumber-demo,https://github.com/Cybertek-Archives/simple-cucumber-demo,java,False,False,,False,,False,,,
Cybertek-B12/summer-2019-local-cucumber-selenium,https://github.com/Cybertek-B12/summer-2019-local-cucumber-selenium,java,False,False,,False,,False,,,
Cybertek-B12/summer-2019-online-cucumber-rest-assured,https://github.com/Cybertek-B12/summer-2019-online-cucumber-rest-assured,java,False,False,,False,,False,,,
Cybertek-B15Local/CucumberWebOrdersFall2019,https://github.com/Cybertek-B15Local/CucumberWebOrdersFall2019,java,False,False,,False,,False,,,
Cybertek-B15Local/b15-cucumber-junit-automated-tests,https://github.com/Cybertek-B15Local/b15-cucumber-junit-automated-tests,java,False,False,,False,,False,,,
Cybertek-B15Local/fall-2019-va-cucumber-project,https://github.com/Cybertek-B15Local/fall-2019-va-cucumber-project,java,False,False,,False,,False,,,
Cybertek-EU4/EU4CucumberSelenium,https://github.com/Cybertek-EU4/EU4CucumberSelenium,java,False,False,,False,,False,,,
Cybertek-EU5/CucumberReview,https://github.com/Cybertek-EU5/CucumberReview,java,False,False,,False,,False,,,
Cybertek-Mentors/syslibrary-cucumber-framework,https://github.com/Cybertek-Mentors/syslibrary-cucumber-framework,java,False,False,,False,,False,,,
CybertekSchool/bootcamp2020cucumberproejct,https://github.com/CybertekSchool/bootcamp2020cucumberproejct,java,False,False,,False,,False,,,
Cydeo-Alumni/SDETFastTrackCucumber,https://github.com/Cydeo-Alumni/SDETFastTrackCucumber,java,False,False,,False,,False,,,
Cydeo-EU10/EU10-CucumberJunit,https://github.com/Cydeo-EU10/EU10-CucumberJunit,java,False,False,,False,,False,,,
Cydeo-EU10/Eu10CucumberReview,https://github.com/Cydeo-EU10/Eu10CucumberReview,java,False,False,,False,,False,,,
Cydeo-EU8/cydeo-cucumber-junit-EU8,https://github.com/Cydeo-EU8/cydeo-cucumber-junit-EU8,java,False,False,,False,,False,,,
Cydeo-EU9/EU9-CucumberJunit,https://github.com/Cydeo-EU9/EU9-CucumberJunit,java,False,False,,False,,False,,,
Cydeo-EU9/EU9_Cucumber_Review,https://github.com/Cydeo-EU9/EU9_Cucumber_Review,java,False,False,,False,,False,,,
Cydeo-SDET-EU011/EU11-CucumberJunit,https://github.com/Cydeo-SDET-EU011/EU11-CucumberJunit,java,False,False,,False,,False,,,
DIGI-UW/openelis-qaframework,https://github.com/DIGI-UW/openelis-qaframework,java,False,False,,True,addBatchOrders.yml;addOrder.yml;emrLis.yml;login.yml;modifyOrder.yml;nonConformityWorkFlow.yml;patientEntry.yml;patientReport.yml;qa.yml;referalWorkFlow.yml;resultEntry.yml;test-local.yml;testManagement.yml;validation.yml;workplan.yml,True,,,
DanielDelimata/sample-typescript-cucumberjs-selenium,https://github.com/DanielDelimata/sample-typescript-cucumberjs-selenium,nodejs,False,False,,True,node.js.yml,True,,,
DaoVanHai1809/cucumber_test_setup,https://github.com/DaoVanHai1809/cucumber_test_setup,nodejs,False,False,,False,,False,,,
DavidTrejos/CucumberLoginTest,https://github.com/DavidTrejos/CucumberLoginTest,nodejs,False,True,STRONG,False,,False,,,
DeMarkAnalytics/selenium-cucumber-ts,https://github.com/DeMarkAnalytics/selenium-cucumber-ts,nodejs,False,False,,True,codeql-analysis.yml;main.yml,True,,,
DespotMagic/cucumber-selenium-autotests,https://github.com/DespotMagic/cucumber-selenium-autotests,nodejs,False,False,,False,,False,,,
DevAdriam/nest_bdd_boilerplate,https://github.com/DevAdriam/nest_bdd_boilerplate,nodejs,False,False,,True,action.yaml,False,,,
DiegoEvangeliste/DemoJavaCucumberSelenium,https://github.com/DiegoEvangeliste/DemoJavaCucumberSelenium,java,False,False,,False,,False,,,
DiegoFBenavides/cucumber-playwright,https://github.com/DiegoFBenavides/cucumber-playwright,nodejs,False,True,STRONG,True,test.yml,True,master,,False
Dimitar-Stojanovski/playwright-cucumber,https://github.com/Dimitar-Stojanovski/playwright-cucumber,nodejs,False,True,STRONG,False,,False,,,
Dintero/docker-cucumber,https://github.com/Dintero/docker-cucumber,nodejs,False,False,,True,publish.yml;pull_request.yml,False,,,
Divyadharshini17/Playwright-cucumber,https://github.com/Divyadharshini17/Playwright-cucumber,nodejs,False,True,STRONG,False,,False,,,
DrWalrus1/Cucumberjs-debugger,https://github.com/DrWalrus1/Cucumberjs-debugger,nodejs,False,False,,False,,False,,,
Duduosun/bdd_cucumber_rest_java,https://github.com/Duduosun/bdd_cucumber_rest_java,java,False,False,,False,,False,,,
ENEMBI/playwright_cucumber,https://github.com/ENEMBI/playwright_cucumber,nodejs,False,True,STRONG,True,test.yml,True,main,,False
Eainde/spring-cucumber-bdd,https://github.com/Eainde/spring-cucumber-bdd,java,False,False,,False,,False,,,
Ellisande/step-forge,https://github.com/Ellisande/step-forge,nodejs,False,False,,False,,False,,,
EmilyPapa/Cucumber-Selenium.js,https://github.com/EmilyPapa/Cucumber-Selenium.js,nodejs,False,False,,False,,False,,,
Estafet-LTD/estafet-qapractices-examples,https://github.com/Estafet-LTD/estafet-qapractices-examples,java,False,False,,False,,False,,,
EugenePetrik/cucumber-playwright,https://github.com/EugenePetrik/cucumber-playwright,nodejs,False,True,STRONG,False,,False,,,
EuroTech-SDET3/B3_BDD_CucumberSelenium_Rvw,https://github.com/EuroTech-SDET3/B3_BDD_CucumberSelenium_Rvw,java,False,False,,False,,False,,,
Evangard/Cucumber_project,https://github.com/Evangard/Cucumber_project,java,False,False,,False,,False,,,
FY-test-org/nightwatch-cucumber,https://github.com/FY-test-org/nightwatch-cucumber,nodejs,False,False,,True,ci_pipeline.yml;repo-dispatch.yml;reusable-test.yml,False,,,
FanaticalTest/ft-test-mobile-factory-demo,https://github.com/FanaticalTest/ft-test-mobile-factory-demo,java,False,False,,False,,False,,,
Faruq2014/SalesForceWithCucumber,https://github.com/Faruq2014/SalesForceWithCucumber,java,False,False,,False,,False,,,
ForsakenWing/GenericCucumber,https://github.com/ForsakenWing/GenericCucumber,nodejs,False,True,STRONG,True,playwright.yml,True,master,,False
FortechRomania/android-ios-cucumber-example,https://github.com/FortechRomania/android-ios-cucumber-example,java,False,False,,False,,False,,,
Frameworkium/frameworkium-bdd,https://github.com/Frameworkium/frameworkium-bdd,java,False,False,,True,maven.yml;release-draft.yml,True,,,
FrankSantillan/ADT-Take-Home,https://github.com/FrankSantillan/ADT-Take-Home,nodejs,True,True,MEDIUM,True,automated-tests.yml,True,main,success,True
Furkan9528/Tripadvisor-Testinium,https://github.com/Furkan9528/Tripadvisor-Testinium,nodejs,False,True,STRONG,False,,False,,,
FurkanDzgn/CucumberBatch4,https://github.com/FurkanDzgn/CucumberBatch4,java,False,False,,False,,False,,,
GOKSEL2022/ManagementSchoolCucumber,https://github.com/GOKSEL2022/ManagementSchoolCucumber,java,False,False,,False,,False,,,
GabrielleYnara/BotaniQ-Backend,https://github.com/GabrielleYnara/BotaniQ-Backend,java,False,False,,False,,False,,,
GallifreyanCode/cucumber-jvm-examples,https://github.com/GallifreyanCode/cucumber-jvm-examples,java,False,False,,False,,False,,,
GianniGiglio/serenity-cucumber-threaded,https://github.com/GianniGiglio/serenity-cucumber-threaded,java,False,False,,True,gradle.yml;maven.yml,True,,,
Gisele-Mara/Cucumber,https://github.com/Gisele-Mara/Cucumber,nodejs,False,False,,False,,False,,,
GolfWC/API_Automation_Restassured_Cucumber_junit,https://github.com/GolfWC/API_Automation_Restassured_Cucumber_junit,java,False,False,,True,manual.yml,False,,,
Guilherme-07062002/cucumber-sample,https://github.com/Guilherme-07062002/cucumber-sample,nodejs,False,False,,False,,False,,,
GuvanchH/VyTrackAutomation_Cucumber,https://github.com/GuvanchH/VyTrackAutomation_Cucumber,java,False,False,,False,,False,,,
HEEPOKE/playwright-cucumber,https://github.com/HEEPOKE/playwright-cucumber,nodejs,False,True,STRONG,True,playwright.yml,True,main,,False
HammadArshd/cucable-cucumber-picocontainer-example-project,https://github.com/HammadArshd/cucable-cucumber-picocontainer-example-project,java,False,False,,False,,False,,,
HarshaSri-Sameera/SeleniumCucumber_Java,https://github.com/HarshaSri-Sameera/SeleniumCucumber_Java,java,False,False,,False,,False,,,
HarshaVardhankema/CucumberPlaywrightTypescript,https://github.com/HarshaVardhankema/CucumberPlaywrightTypescript,nodejs,True,True,STRONG,True,playwright.yml,True,main,success,True
Hassancxpm/cucumber7-ts,https://github.com/Hassancxpm/cucumber7-ts,nodejs,False,False,,False,,False,,,
Hemant-Jharbade/Playwright_Cucumber,https://github.com/Hemant-Jharbade/Playwright_Cucumber,nodejs,False,True,STRONG,False,,False,,,
HemantPatilQA/CucumberTestNGParallel,https://github.com/HemantPatilQA/CucumberTestNGParallel,java,False,False,,False,,False,,,
HugoHe24/OnlineStore,https://github.com/HugoHe24/OnlineStore,java,False,False,,False,,False,,,
ISanjeevKumar/playwright-cucumber,https://github.com/ISanjeevKumar/playwright-cucumber,nodejs,False,True,MEDIUM,True,playwright.yml,True,master,,False
Indra512/PlaywrightCucumberTypeScript,https://github.com/Indra512/PlaywrightCucumberTypeScript,nodejs,False,True,STRONG,True,automation.yml;test-to-influx.yml;version-release.yml,True,main,failure,False
IoanaBdn/testingAppRN,https://github.com/IoanaBdn/testingAppRN,nodejs,False,False,,False,,False,,,
Ismaillduman/playwright-cucumber,https://github.com/Ismaillduman/playwright-cucumber,nodejs,False,True,STRONG,True,e2e.yml,True,main,,False
JagatheshwaranN/CucumberBDD-Test-Framework,https://github.com/JagatheshwaranN/CucumberBDD-Test-Framework,java,False,False,,False,,False,,,
JakubRumpca/Cucumber-Store,https://github.com/JakubRumpca/Cucumber-Store,nodejs,True,True,STRONG,True,pipeline.yml,True,main,success,True
Java-Techie-jt/bdd-example,https://github.com/Java-Techie-jt/bdd-example,java,False,False,,False,,False,,,
Javateappl/SpringBoot-Cucumber,https://github.com/Javateappl/SpringBoot-Cucumber,java,False,False,,False,,False,,,
JeanColonia/playwright-challenge,https://github.com/JeanColonia/playwright-challenge,nodejs,False,True,MEDIUM,False,,False,,,
Jeaninev/cucumber-dressing,https://github.com/Jeaninev/cucumber-dressing,java,False,False,,True,maven.yml;release.yaml,False,,,
Jeredriq/CucumberWithTestFX,https://github.com/Jeredriq/CucumberWithTestFX,java,False,False,,False,,False,,,
JoanEsquivel/playwright-cucumber-starter,https://github.com/JoanEsquivel/playwright-cucumber-starter,nodejs,False,True,STRONG,True,playwright.yml,True,master,,False
JosKavi33/test-automation-sjc,https://github.com/JosKavi33/test-automation-sjc,java,False,False,,True,test-report.yml,True,,,
JosefRichie13/CucumberJSPlaywright,https://github.com/JosefRichie13/CucumberJSPlaywright,nodejs,False,True,STRONG,False,,False,,,
Jvaddepally1/Playwright-Cucumber-Exercise-Jyothi,https://github.com/Jvaddepally1/Playwright-Cucumber-Exercise-Jyothi,nodejs,False,True,MEDIUM,False,,False,,,
KajetanJedrych/Playwright-Cucumber,https://github.com/KajetanJedrych/Playwright-Cucumber,nodejs,False,True,STRONG,False,,False,,,
KarimBlg/playwright_cucumber,https://github.com/KarimBlg/playwright_cucumber,nodejs,False,True,STRONG,False,,False,,,
KnowitRobertFred/pw-cucumber,https://github.com/KnowitRobertFred/pw-cucumber,nodejs,False,True,STRONG,False,,False,,,
LSJ9600/CucumberBatch14,https://github.com/LSJ9600/CucumberBatch14,java,False,False,,False,,False,,,
LSJ9600/CucumberReview,https://github.com/LSJ9600/CucumberReview,java,False,False,,False,,False,,,
LambdaTest/Cucumber-TestNG-Selenium,https://github.com/LambdaTest/Cucumber-TestNG-Selenium,java,False,False,,False,,False,,,
LambdaTest/WebdriverIO-Cucumber-HyperExecute-Sample,https://github.com/LambdaTest/WebdriverIO-Cucumber-HyperExecute-Sample,nodejs,False,False,,True,main.yml,True,,,
LambdaTest/cucumber-selenium-hyperexecute-sample,https://github.com/LambdaTest/cucumber-selenium-hyperexecute-sample,java,False,False,,True,main.yml,True,,,
LayMui/serenityJS-cucumber-wedriverio,https://github.com/LayMui/serenityJS-cucumber-wedriverio,nodejs,False,False,,True,build.yml,True,,,
LayMui/todoMVC-using-serenityjs-playwright-cucumber,https://github.com/LayMui/todoMVC-using-serenityjs-playwright-cucumber,nodejs,False,True,STRONG,True,main.yml,True,main,failure,False
LayMui/ultimateQA,https://github.com/LayMui/ultimateQA,nodejs,False,False,,False,,False,,,
LeafPages/LeafTapsAutomation,https://github.com/LeafPages/LeafTapsAutomation,java,False,False,,False,,False,,,
LearnByBhanuPratap/cucumberSeleniumFramework,https://github.com/LearnByBhanuPratap/cucumberSeleniumFramework,java,False,False,,False,,False,,,
LeenaPrem/cucumber-assignment,https://github.com/LeenaPrem/cucumber-assignment,nodejs,False,False,,False,,False,,,
LeoYCode/ExampleCucumberDI,https://github.com/LeoYCode/ExampleCucumberDI,java,False,False,,False,,False,,,
Luxe-Quality/playwright_cucumber_allure,https://github.com/Luxe-Quality/playwright_cucumber_allure,nodejs,False,True,STRONG,True,test.yml,True,main,,False
Ma-Vin/de.ma_vin.ape.users,https://github.com/Ma-Vin/de.ma_vin.ape.users,java,False,False,,True,maven.yml,False,,,
MahmudulHasan/EcommercePlaywright,https://github.com/MahmudulHasan/EcommercePlaywright,nodejs,False,True,STRONG,False,,False,,,
Mamun104/Selenium_Cucumber_Google_Gmail_Signup,https://github.com/Mamun104/Selenium_Cucumber_Google_Gmail_Signup,java,False,False,,False,,False,,,
Mamun104/cucumber-selenium-framework,https://github.com/Mamun104/cucumber-selenium-framework,java,False,False,,False,,False,,,
Mani-QA/Playwright-Cucumber,https://github.com/Mani-QA/Playwright-Cucumber,nodejs,False,True,STRONG,True,playwright.yml,True,main,,False
MarappPrashanth/Cucumber-Playwright,https://github.com/MarappPrashanth/Cucumber-Playwright,nodejs,False,True,STRONG,False,,False,,,
Marketionist/testcafe-cucumber-steps,https://github.com/Marketionist/testcafe-cucumber-steps,nodejs,False,False,,True,run-tests.yml,True,,,
MarkoKerma/PlaywrightCucumber,https://github.com/MarkoKerma/PlaywrightCucumber,nodejs,False,True,STRONG,False,,False,,,
Marva27/CucumberTestNGFramework,https://github.com/Marva27/CucumberTestNGFramework,java,False,False,,False,,False,,,
Max1irst/Playwright-cucumber-TS,https://github.com/Max1irst/Playwright-cucumber-TS,nodejs,False,True,STRONG,False,,False,,,
MelihDemirtel/LinkedinCucumberProject,https://github.com/MelihDemirtel/LinkedinCucumberProject,java,False,False,,False,,False,,,
MervinDiazLugo/Selenium.Cucumber.BaseFramework,https://github.com/MervinDiazLugo/Selenium.Cucumber.BaseFramework,java,False,False,,False,,False,,,
MichaelAlba131/java_playwright_api,https://github.com/MichaelAlba131/java_playwright_api,java,False,True,STRONG,False,,False,,,
MicroFocus/octane-cucumber-jvm,https://github.com/MicroFocus/octane-cucumber-jvm,java,False,False,,False,,False,,,
Mihirirj/Mihirirj-Selenium_Cucumber-Java-BDD-FrameWork,https://github.com/Mihirirj/Mihirirj-Selenium_Cucumber-Java-BDD-FrameWork,java,False,False,,False,,False,,,
MikeSkilbeck/playwright_cucumber_js,https://github.com/MikeSkilbeck/playwright_cucumber_js,nodejs,False,True,STRONG,True,test.yml,True,master,,False
MininoxD/typescript-ddd-core-example,https://github.com/MininoxD/typescript-ddd-core-example,nodejs,False,False,,False,,False,,,
MireilleBF/cucumber-demo,https://github.com/MireilleBF/cucumber-demo,java,False,False,,True,maven.yml,False,,,
MiroslavRusev/cuppet,https://github.com/MiroslavRusev/cuppet,nodejs,False,False,,True,eslint.yml;release-please.yml,False,,,
MohabMohie/SaudiDigitalAcademyCucumber,https://github.com/MohabMohie/SaudiDigitalAcademyCucumber,java,False,False,,False,,False,,,
MuhtarMahmut/Cucumber_FrameWork01,https://github.com/MuhtarMahmut/Cucumber_FrameWork01,java,False,False,,False,,False,,,
Myastr0/playwright-cucumber-template,https://github.com/Myastr0/playwright-cucumber-template,nodejs,False,True,STRONG,True,run-e2e-tests.yaml,True,master,,False
MyloRii/cucumber-java11-selenide-tests,https://github.com/MyloRii/cucumber-java11-selenide-tests,java,False,False,,False,,False,,,
MyloRii/cucumber-reportportal,https://github.com/MyloRii/cucumber-reportportal,java,False,False,,False,,False,,,
MyloRii/cucumber-spring-di-example,https://github.com/MyloRii/cucumber-spring-di-example,java,False,False,,False,,False,,,
MyloRii/regres-api-autotests,https://github.com/MyloRii/regres-api-autotests,java,False,False,,False,,False,,,
NaveenChittimodu/Plawright_cucumber,https://github.com/NaveenChittimodu/Plawright_cucumber,nodejs,False,True,STRONG,True,playwright.yml,True,main,,False
NetoSiqueira/desafio-cucumber,https://github.com/NetoSiqueira/desafio-cucumber,java,False,False,,True,ci.yml,True,,,
NgocVo3112/playwright-cucumber,https://github.com/NgocVo3112/playwright-cucumber,nodejs,False,True,STRONG,True,playwright.yml,True,master,,False
NidaYucedal/AppiumCucumber,https://github.com/NidaYucedal/AppiumCucumber,java,False,False,,False,,False,,,
Night-G/cucumberTypeScript,https://github.com/Night-G/cucumberTypeScript,nodejs,False,True,STRONG,False,,False,,,
NightCodeLabs/pretzel-example,https://github.com/NightCodeLabs/pretzel-example,java,False,False,,False,,False,,,
Nilendra82/playwright-cucumber-ts-framework,https://github.com/Nilendra82/playwright-cucumber-ts-framework,nodejs,False,True,STRONG,False,,False,,,
NoraUi/NoraUi,https://github.com/NoraUi/NoraUi,java,False,False,,False,,False,,,
NoushinB/Appium-Calculator-Test-Automation,https://github.com/NoushinB/Appium-Calculator-Test-Automation,java,False,False,,False,,False,,,
NoushinB/LoginTest,https://github.com/NoushinB/LoginTest,java,False,False,,False,,False,,,
NoushinB/RestAssured-API-Testing,https://github.com/NoushinB/RestAssured-API-Testing,java,False,False,,False,,False,,,
NoushinB/Selenium-WebDriver-Java-Testing-Example,https://github.com/NoushinB/Selenium-WebDriver-Java-Testing-Example,java,False,False,,False,,False,,,
NuriOzturk/Magento-Cucumber-Project,https://github.com/NuriOzturk/Magento-Cucumber-Project,java,False,False,,False,,False,,,
NuriOzturk/Para-Bank-Project_Cucumber,https://github.com/NuriOzturk/Para-Bank-Project_Cucumber,java,False,False,,False,,False,,,
OctopusDeploy/WebDriverTraining,https://github.com/OctopusDeploy/WebDriverTraining,java,False,False,,True,maven.yml,True,,,
OlivierWinsemius/playcumber,https://github.com/OlivierWinsemius/playcumber,nodejs,False,True,STRONG,False,,False,,,
Omega-Test/SimpleCucumberProj,https://github.com/Omega-Test/SimpleCucumberProj,java,False,False,,False,,False,,,
Ozleblebici/ApiRestServiceTestingExercise,https://github.com/Ozleblebici/ApiRestServiceTestingExercise,java,False,False,,False,,False,,,
Ozleblebici/Zerobank_SeleniumCucumber_Automation,https://github.com/Ozleblebici/Zerobank_SeleniumCucumber_Automation,java,False,False,,False,,False,,,
Padmajak21/cucumber.restassured,https://github.com/Padmajak21/cucumber.restassured,java,False,False,,False,,False,,,
ParthibanRajasekaran/playwright-cucumber,https://github.com/ParthibanRajasekaran/playwright-cucumber,nodejs,True,True,STRONG,True,playwright-cucumber.yml,True,main,success,True
PashaBarahimi/Software-Testing-Course-Projects,https://github.com/PashaBarahimi/Software-Testing-Course-Projects,java,False,False,,True,maven.yml,True,,,
Pi-fe/Cucumber-playwright,https://github.com/Pi-fe/Cucumber-playwright,nodejs,False,True,STRONG,True,test.yml,True,master,,False
PietroSassone/selenium-ta-demo,https://github.com/PietroSassone/selenium-ta-demo,java,False,False,,False,,False,,,
Plakhota/cucumber-playwright,https://github.com/Plakhota/cucumber-playwright,nodejs,False,True,STRONG,True,test.yml,True,master,,False
PouyaRezvanii/cucumber_db_teb,https://github.com/PouyaRezvanii/cucumber_db_teb,nodejs,False,False,,False,,False,,,
PradyumnaPal/PW_Cucumber_TS,https://github.com/PradyumnaPal/PW_Cucumber_TS,nodejs,False,True,STRONG,False,,False,,,
PrateekAnand-code/BDD-Test-Framework,https://github.com/PrateekAnand-code/BDD-Test-Framework,java,False,False,,False,,False,,,
Pratik-2/AutomationPractice,https://github.com/Pratik-2/AutomationPractice,nodejs,False,False,,False,,False,,,
PraveenGNair/jacoco-multi-module-sample,https://github.com/PraveenGNair/jacoco-multi-module-sample,java,False,False,,False,,False,,,
PravinJunghare/Cucumber-project,https://github.com/PravinJunghare/Cucumber-project,java,False,False,,False,,False,,,
PrinceSoni83/playwright-cucumber-js-e2e-boilerplate,https://github.com/PrinceSoni83/playwright-cucumber-js-e2e-boilerplate,nodejs,False,True,STRONG,True,test.yml,True,main,,False
PriyankaPoojari/playwright-cucumber-ui-automation-starter,https://github.com/PriyankaPoojari/playwright-cucumber-ui-automation-starter,nodejs,False,True,STRONG,False,,False,,,
PublioElio/selenium-cucumber-BDD,https://github.com/PublioElio/selenium-cucumber-BDD,java,False,False,,False,,False,,,
PunnNopdanai7/cucumber-playwright-workshop,https://github.com/PunnNopdanai7/cucumber-playwright-workshop,nodejs,False,True,STRONG,False,,False,,,
QaBound/spring-cucumber-test-framework,https://github.com/QaBound/spring-cucumber-test-framework,java,False,False,,False,,False,,,
Qanitinsingh/LearnCucumber,https://github.com/Qanitinsingh/LearnCucumber,java,False,False,,False,,False,,,
QuangTo/cucumber,https://github.com/QuangTo/cucumber,nodejs,False,True,STRONG,True,playwright.yml,True,main,,False
Radhika2418/cucumber-js,https://github.com/Radhika2418/cucumber-js,nodejs,False,False,,False,,False,,,
Raghav-Pal/CucumberBDDCMD,https://github.com/Raghav-Pal/CucumberBDDCMD,java,False,False,,False,,False,,,
Raghav-Pal/SeleniumCucumberBDD,https://github.com/Raghav-Pal/SeleniumCucumberBDD,java,False,False,,False,,False,,,
Ragul-Dhandapani/BDD-Cucumber-Allure-Gradle,https://github.com/Ragul-Dhandapani/BDD-Cucumber-Allure-Gradle,java,False,False,,False,,False,,,
Rahaf-Eid/restAssuredCucumber,https://github.com/Rahaf-Eid/restAssuredCucumber,java,False,False,,False,,False,,,
RajaRam-Kannuri/ENTERPRISE_CUCUMBER_AUTOMATION_FRAMEWORK,https://github.com/RajaRam-Kannuri/ENTERPRISE_CUCUMBER_AUTOMATION_FRAMEWORK,java,False,False,,False,,False,,,
RamachandranGomathinayagam/LeafTapsAutomation,https://github.com/RamachandranGomathinayagam/LeafTapsAutomation,java,False,False,,False,,False,,,
RashmiSandamini/Group_18_Cucumber_PW,https://github.com/RashmiSandamini/Group_18_Cucumber_PW,nodejs,True,True,STRONG,True,e2etests.yml,True,main,success,True
RaymondMouthaan/allure-cucumber,https://github.com/RaymondMouthaan/allure-cucumber,java,False,False,,False,,False,,,
RedFroggy/spring-cucumber-rest-api,https://github.com/RedFroggy/spring-cucumber-rest-api,java,False,False,,False,,False,,,
Rezrazi/foo-cucumber,https://github.com/Rezrazi/foo-cucumber,nodejs,False,False,,False,,False,,,
Rhoynar/qa-automation,https://github.com/Rhoynar/qa-automation,java,False,False,,False,,False,,,
RoRoche/AndroidTestingBox,https://github.com/RoRoche/AndroidTestingBox,java,False,False,,False,,False,,,
RogerRabbitMagnaCarta/playwrightv152-cucumber-ts,https://github.com/RogerRabbitMagnaCarta/playwrightv152-cucumber-ts,nodejs,False,True,STRONG,False,,False,,,
RohithReacts/cucumber,https://github.com/RohithReacts/cucumber,nodejs,False,False,,False,,False,,,
Rupampromact/AmazonAutomationLoginPage,https://github.com/Rupampromact/AmazonAutomationLoginPage,java,False,False,,False,,False,,,
SampathkvAutomation/cucumber-playwright,https://github.com/SampathkvAutomation/cucumber-playwright,nodejs,False,True,STRONG,True,main.yml,True,main,failure,False
Santhis/playwrightCucumber,https://github.com/Santhis/playwrightCucumber,nodejs,False,True,STRONG,False,,False,,,
SantiagoPadilla/SeleniumTypeScript,https://github.com/SantiagoPadilla/SeleniumTypeScript,nodejs,False,False,,False,,False,,,
Saurabhrck/Protractor_Cucumber,https://github.com/Saurabhrck/Protractor_Cucumber,nodejs,False,False,,False,,False,,,
SelenDilek/DemoWeb_CucumberProject,https://github.com/SelenDilek/DemoWeb_CucumberProject,java,False,False,,False,,False,,,
SenaYcdl/AppiumCucumberProject,https://github.com/SenaYcdl/AppiumCucumberProject,java,False,False,,False,,False,,,
Shaiyz/Playwright-Cucumber,https://github.com/Shaiyz/Playwright-Cucumber,nodejs,False,True,STRONG,False,,False,,,
ShanCodeWay/ITQA_Assignment_Group_41,https://github.com/ShanCodeWay/ITQA_Assignment_Group_41,java,False,False,,False,,False,,,
SiloEscaper/cucumber-playwright,https://github.com/SiloEscaper/cucumber-playwright,nodejs,False,True,STRONG,True,test.yml,True,master,,False
Simon-Kaz/AppiumSpringCucumber,https://github.com/Simon-Kaz/AppiumSpringCucumber,java,False,False,,False,,False,,,
Skarlet03/office_hour_cucumber_project,https://github.com/Skarlet03/office_hour_cucumber_project,java,False,False,,False,,False,,,
SmartBear/cucumber-jvm-zephyr-xml,https://github.com/SmartBear/cucumber-jvm-zephyr-xml,java,False,False,,True,maven.yml;release.yml,True,,,
SmartBear/zephyr-scale-cucumber-integration-example,https://github.com/SmartBear/zephyr-scale-cucumber-integration-example,java,False,False,,False,,False,,,
Software-Engineering-Assistantship/frontend-nextjs-ess,https://github.com/Software-Engineering-Assistantship/frontend-nextjs-ess,nodejs,False,True,STRONG,False,,False,,,
Sonal0409/ATE-Phase2-PhaseEndProj-Cucumberect-,https://github.com/Sonal0409/ATE-Phase2-PhaseEndProj-Cucumberect-,java,False,False,,False,,False,,,
SondosAlgyed/SeleniumFramework,https://github.com/SondosAlgyed/SeleniumFramework,java,False,False,,False,,False,,,
Spain-It/cucumberPractice,https://github.com/Spain-It/cucumberPractice,java,False,False,,False,,False,,,
Specialize-Automation/CucumberTutorial,https://github.com/Specialize-Automation/CucumberTutorial,java,False,False,,False,,False,,,
SrinivasanTarget/AppiumCucumber,https://github.com/SrinivasanTarget/AppiumCucumber,java,False,False,,False,,False,,,
SrinivasanTarget/Cucumber_Appium,https://github.com/SrinivasanTarget/Cucumber_Appium,java,False,False,,False,,False,,,
StevenMedinaBatista/app_webdriver.io_android,https://github.com/StevenMedinaBatista/app_webdriver.io_android,nodejs,False,False,,False,,False,,,
Stoeoeoe/flowable-cucumber,https://github.com/Stoeoeoe/flowable-cucumber,java,False,False,,False,,False,,,
SuffolkLITLab/ALKiln,https://github.com/SuffolkLITLab/ALKiln,nodejs,False,False,,True,da_image_v_sha_7d13853.yml;github_server.yml;log_code_tests.yml;playground.yml;unit_tests.yml,True,,,
SuleymanKirkil/cucumber_sda_2025,https://github.com/SuleymanKirkil/cucumber_sda_2025,java,False,False,,False,,False,,,
SumitMandloi123/CucumberFramework,https://github.com/SumitMandloi123/CucumberFramework,nodejs,False,True,STRONG,False,,False,,,
SunsetFi/secrethistories-cucumber,https://github.com/SunsetFi/secrethistories-cucumber,nodejs,False,False,,False,,False,,,
SyntaxTechnologies/CucumberFrameWorkReviewBatch14,https://github.com/SyntaxTechnologies/CucumberFrameWorkReviewBatch14,java,False,False,,False,,False,,,
SyntaxTechnologies/CucumberReviewB12,https://github.com/SyntaxTechnologies/CucumberReviewB12,java,False,False,,False,,False,,,
SyntaxTechnologies/cucumberFrameWorkReview,https://github.com/SyntaxTechnologies/cucumberFrameWorkReview,java,False,False,,False,,False,,,
SyntaxTechnologies/cucumberReview,https://github.com/SyntaxTechnologies/cucumberReview,java,False,False,,False,,False,,,
SyntaxTechnologies/cucumberReviewB13,https://github.com/SyntaxTechnologies/cucumberReviewB13,java,False,False,,False,,False,,,
TC117/Cypess-Cucumber,https://github.com/TC117/Cypess-Cucumber,nodejs,False,False,,False,,False,,,
Tallyb/cucumber-playwright,https://github.com/Tallyb/cucumber-playwright,nodejs,True,True,STRONG,True,test.yml,True,master,success,True
TarekMebrouk/spring-cucumber-test,https://github.com/TarekMebrouk/spring-cucumber-test,java,False,False,,False,,False,,,
TechPrimers/jenkins-pipeline-cucumber-example,https://github.com/TechPrimers/jenkins-pipeline-cucumber-example,java,False,False,,False,,False,,,
Test-Architect/playwright-java-bdd-sample,https://github.com/Test-Architect/playwright-java-bdd-sample,java,False,True,STRONG,False,,False,,,
TestLeafInc/TestLeafSeleniumTraining,https://github.com/TestLeafInc/TestLeafSeleniumTraining,java,False,False,,False,,False,,,
TestLeafInc/UiBank,https://github.com/TestLeafInc/UiBank,java,False,False,,False,,False,,,
TestMonkeys/cucumber-spring-logback,https://github.com/TestMonkeys/cucumber-spring-logback,java,False,False,,False,,False,,,
TestMonkeys/cucumber2-runner,https://github.com/TestMonkeys/cucumber2-runner,java,False,False,,False,,False,,,
TheKiddos/faith,https://github.com/TheKiddos/faith,java,False,False,,False,,False,,,
Thommyg5/Appium-Testng-Cucumber-Calculator-Demo,https://github.com/Thommyg5/Appium-Testng-Cucumber-Calculator-Demo,java,False,False,,False,,False,,,
TomasHampl/cucumber-seleniumgrid-skeleton,https://github.com/TomasHampl/cucumber-seleniumgrid-skeleton,java,False,False,,True,codeql-analysis.yml,False,,,
Tommac89/simple-jvm-cucumber,https://github.com/Tommac89/simple-jvm-cucumber,java,False,False,,False,,False,,,
Tricentis-SA/cucumber_java,https://github.com/Tricentis-SA/cucumber_java,java,False,False,,False,,False,,,
TsayDev/JavaScript-Playwright-Cucumber,https://github.com/TsayDev/JavaScript-Playwright-Cucumber,nodejs,False,True,STRONG,False,,False,,,
TugayUzumcu/PlaywrightCucumber,https://github.com/TugayUzumcu/PlaywrightCucumber,nodejs,False,False,,False,,False,,,
TugbaKilic33/ParaBankCucumberProject,https://github.com/TugbaKilic33/ParaBankCucumberProject,java,False,False,,False,,False,,,
TugbaKilic33/TechnoStudy-BDD-Automation,https://github.com/TugbaKilic33/TechnoStudy-BDD-Automation,java,False,False,,False,,False,,,
TurgayD34/EU3CucumberSelenium,https://github.com/TurgayD34/EU3CucumberSelenium,java,False,False,,False,,False,,,
UKHomeOffice/hocs-serenity-automation,https://github.com/UKHomeOffice/hocs-serenity-automation,java,False,False,,False,,False,,,
Ulrikop/cucumber-7,https://github.com/Ulrikop/cucumber-7,nodejs,False,False,,False,,False,,,
VigneshSrinivasaRaghavan/TestTribe_Playwright_Cucumber_Workshop_Mar2025,https://github.com/VigneshSrinivasaRaghavan/TestTribe_Playwright_Cucumber_Workshop_Mar2025,nodejs,False,True,STRONG,False,,False,,,
VikramNaik26/Selenium-Testing,https://github.com/VikramNaik26/Selenium-Testing,nodejs,False,False,,False,,False,,,
VinayKumarBM/API-Cucumber,https://github.com/VinayKumarBM/API-Cucumber,java,False,False,,True,maven.yml,True,,,
VinayKumarBM/Serenity-Sample,https://github.com/VinayKumarBM/Serenity-Sample,java,False,False,,True,main.yml,False,,,
VinayKumarBM/playwright-cucumber-sample,https://github.com/VinayKumarBM/playwright-cucumber-sample,nodejs,False,True,STRONG,True,main.yml,True,master,,False
Vishnupv160/playwright_Javascript_v1.0,https://github.com/Vishnupv160/playwright_Javascript_v1.0,nodejs,False,True,STRONG,False,,False,,,
VladimirSimonovski1/Selenium_Cucumber_Tests,https://github.com/VladimirSimonovski1/Selenium_Cucumber_Tests,nodejs,False,False,,False,,False,,,
VrushaliDudhane/BDD_UsingCucumberAndPOM,https://github.com/VrushaliDudhane/BDD_UsingCucumberAndPOM,java,False,False,,False,,False,,,
WarrenLin/CucumberSample,https://github.com/WarrenLin/CucumberSample,java,False,False,,False,,False,,,
Xceptance/neodymium-cucumber-example,https://github.com/Xceptance/neodymium-cucumber-example,java,False,False,,False,,False,,,
Xray-App/tutorial-js-webdriverio-cucumber,https://github.com/Xray-App/tutorial-js-webdriverio-cucumber,nodejs,False,False,,True,main-cloud.yml;main.yml,True,,,
YakovL/synpress-cucumber,https://github.com/YakovL/synpress-cucumber,nodejs,False,False,,False,,False,,,
Yaowenjie/Cucumber-Demo,https://github.com/Yaowenjie/Cucumber-Demo,java,False,False,,False,,False,,,
YevShch/Espresso-Addict-Playwright-Cucumber,https://github.com/YevShch/Espresso-Addict-Playwright-Cucumber,nodejs,True,True,MEDIUM,True,run-tests.yml,True,main,success,True
Yigit-Cam/MagentoCucumberProject,https://github.com/Yigit-Cam/MagentoCucumberProject,java,False,False,,False,,False,,,
Yigit-Cam/ParaBankCucumberProject,https://github.com/Yigit-Cam/ParaBankCucumberProject,java,False,False,,False,,False,,,
ZVasif/Cucumber_Staj_Project,https://github.com/ZVasif/Cucumber_Staj_Project,java,False,False,,False,,False,,,
Zarina92c/LibraryApplicationCucumberProject,https://github.com/Zarina92c/LibraryApplicationCucumberProject,java,False,False,,False,,False,,,
Zikri578/QA-Cucumber,https://github.com/Zikri578/QA-Cucumber,nodejs,False,False,,False,,False,,,
Zstefanov/AE-Automation-TS-Playwright,https://github.com/Zstefanov/AE-Automation-TS-Playwright,nodejs,True,True,STRONG,True,playwright.yml,True,main,success,True
a11n/android-cucumber-espresso,https://github.com/a11n/android-cucumber-espresso,java,False,False,,False,,False,,,
aasiamoqeem/PlaywrightCucumber,https://github.com/aasiamoqeem/PlaywrightCucumber,nodejs,False,True,STRONG,True,playwright.yml,True,main,failure,False
aatwi/GildedRose-BDD,https://github.com/aatwi/GildedRose-BDD,java,False,False,,False,,False,,,
ab054/cucumberJava,https://github.com/ab054/cucumberJava,java,False,False,,False,,False,,,
abayramus/cucumber-framework-template,https://github.com/abayramus/cucumber-framework-template,java,False,False,,False,,False,,,
abdelnaby1/fwd_project,https://github.com/abdelnaby1/fwd_project,nodejs,False,True,STRONG,False,,False,,,
abelmmt/cucumberCalculator,https://github.com/abelmmt/cucumberCalculator,nodejs,False,False,,False,,False,,,
abhilashkot/playwright_cucumber-BDD-_typescript,https://github.com/abhilashkot/playwright_cucumber-BDD-_typescript,nodejs,False,True,STRONG,False,,False,,,
abhishek8908/cucumber-v4-example,https://github.com/abhishek8908/cucumber-v4-example,java,False,False,,False,,False,,,
abhishekkadavil/RestAssured-Cucumber-Hybrid-Framework,https://github.com/abhishekkadavil/RestAssured-Cucumber-Hybrid-Framework,java,False,False,,True,unit-test.yml,True,,,
abhishekkadavil/Selenium4-Cucumber-Hybrid-Framework,https://github.com/abhishekkadavil/Selenium4-Cucumber-Hybrid-Framework,java,False,False,,False,,False,,,
aboviq/bun-test-cucumber,https://github.com/aboviq/bun-test-cucumber,nodejs,False,False,,True,test.yml,False,,,
abroer/cucumber-integration-test,https://github.com/abroer/cucumber-integration-test,java,False,False,,False,,False,,,
achmadns/cucumber-spring-example,https://github.com/achmadns/cucumber-spring-example,java,False,False,,False,,False,,,
adamcegielka/playwright-cucumber-bdd-typescript,https://github.com/adamcegielka/playwright-cucumber-bdd-typescript,nodejs,False,True,STRONG,True,issues.yml;playwright.yml;pull_request.yml,True,main,,False
adamopoulosa1980/selenium-cucumber-test,https://github.com/adamopoulosa1980/selenium-cucumber-test,java,False,False,,False,,False,,,
adamvinicius/aulaoCucumberJS,https://github.com/adamvinicius/aulaoCucumberJS,nodejs,False,False,,False,,False,,,
adg08101/class_2_selenium_cucumber_POM_BDD,https://github.com/adg08101/class_2_selenium_cucumber_POM_BDD,java,False,False,,False,,False,,,
adityapradanaa/playwright,https://github.com/adityapradanaa/playwright,nodejs,False,True,STRONG,False,,False,,,
afsarali273/AutomationPracticeSite-WebDriverio-Cucumber,https://github.com/afsarali273/AutomationPracticeSite-WebDriverio-Cucumber,nodejs,False,False,,True,node.js.yml,False,,,
afsarali273/GovTechAssignment,https://github.com/afsarali273/GovTechAssignment,java,False,False,,False,,False,,,
agonzales411/ariel-lab-5-mod-3-cucumber,https://github.com/agonzales411/ariel-lab-5-mod-3-cucumber,nodejs,False,False,,False,,False,,,
ahmadmg/cucumberjs-playwright,https://github.com/ahmadmg/cucumberjs-playwright,nodejs,True,True,STRONG,True,test.yml,True,main,success,True
ahmedmaged0a/SwagLabs_Demo,https://github.com/ahmedmaged0a/SwagLabs_Demo,java,False,False,,True,maven.yml,False,,,
ahsanasha/OrangeHrmLive,https://github.com/ahsanasha/OrangeHrmLive,java,False,False,,True,maven.yml,False,,,
ahxansubhani/playwright-automation-framwork-BDD,https://github.com/ahxansubhani/playwright-automation-framwork-BDD,nodejs,False,True,STRONG,True,main.yml,False,main,,False
ajibadeabd/Typescript-cucumber-tests,https://github.com/ajibadeabd/Typescript-cucumber-tests,nodejs,False,False,,False,,False,,,
ak-arsalan/Cucumber-Java-Framework-for-Beginners,https://github.com/ak-arsalan/Cucumber-Java-Framework-for-Beginners,java,False,False,,False,,False,,,
akashdktyagi/AutomationPoCCucumber,https://github.com/akashdktyagi/AutomationPoCCucumber,java,False,False,,False,,False,,,
akashdktyagi/CucumberAPIAutomation,https://github.com/akashdktyagi/CucumberAPIAutomation,java,False,False,,True,maven.yml,False,,,
akashdktyagi/cucumber-selenium-fw,https://github.com/akashdktyagi/cucumber-selenium-fw,java,False,False,,True,maven.yml,False,,,
akashdktyagi/test-framework-template-with-cucumber-testng,https://github.com/akashdktyagi/test-framework-template-with-cucumber-testng,java,False,False,,False,,False,,,
akshayp7/playwright-java-cucumber,https://github.com/akshayp7/playwright-java-cucumber,java,False,True,STRONG,False,,False,,,
aktibaba/cypress-cucumber-framework,https://github.com/aktibaba/cypress-cucumber-framework,nodejs,False,False,,False,,False,,,
akwasin/cucumber-playwright,https://github.com/akwasin/cucumber-playwright,nodejs,False,True,STRONG,True,test.yml,True,master,,False
akyyev/ZeroBankCucumber,https://github.com/akyyev/ZeroBankCucumber,java,False,False,,False,,False,,,
alejandrobettini6/playwright-cucumber,https://github.com/alejandrobettini6/playwright-cucumber,nodejs,False,True,STRONG,False,,False,,,
alexcandidos/Resultados-tse,https://github.com/alexcandidos/Resultados-tse,java,False,False,,False,,False,,,
alexej-strelzow/testcafe-cucumber-typescript,https://github.com/alexej-strelzow/testcafe-cucumber-typescript,nodejs,False,False,,False,,False,,,
alexrochas/cucumber-jvm-poc,https://github.com/alexrochas/cucumber-jvm-poc,java,False,False,,False,,False,,,
alexsavio/cucumber-playwright,https://github.com/alexsavio/cucumber-playwright,nodejs,False,True,STRONG,True,test.yml,True,master,,False
alexvictoor/pitest-cucumber-plugin,https://github.com/alexvictoor/pitest-cucumber-plugin,java,False,False,,False,,False,,,
allure-cucumber-templates/cucumber-playwright-ts-allure,https://github.com/allure-cucumber-templates/cucumber-playwright-ts-allure,nodejs,False,True,STRONG,True,main-vm.yml,True,main,failure,False
allure-examples/allure-cucumber5-junit4-maven,https://github.com/allure-examples/allure-cucumber5-junit4-maven,java,False,False,,True,allure-cucumber5-junit4-maven.yml,True,,,
allure-examples/allure-cucumber5-testng-gradle,https://github.com/allure-examples/allure-cucumber5-testng-gradle,java,False,False,,True,allure-cucumber5-testng-gradle.yml,True,,,
allure-examples/cucumberjvm-junit4-maven,https://github.com/allure-examples/cucumberjvm-junit4-maven,java,False,False,,True,allure-report.yml,True,,,
allure-examples/cucumberjvm-testng-maven,https://github.com/allure-examples/cucumberjvm-testng-maven,java,False,False,,True,allure-report.yml,True,,,
allure-framework/allure-cucumberjvm,https://github.com/allure-framework/allure-cucumberjvm,java,False,False,,False,,False,,,
almarsimon/spring-boot-rest-cucumber,https://github.com/almarsimon/spring-boot-rest-cucumber,java,False,False,,False,,False,,,
alspcic/cucumber,https://github.com/alspcic/cucumber,java,False,False,,False,,False,,,
aluedeke/cucumber-jvm-example,https://github.com/aluedeke/cucumber-jvm-example,java,False,False,,False,,False,,,
alupandin/playwrightDemoCucumber,https://github.com/alupandin/playwrightDemoCucumber,nodejs,False,True,STRONG,False,,False,,,
alvitazwar/BDD-with-PlaywrightJs,https://github.com/alvitazwar/BDD-with-PlaywrightJs,nodejs,False,True,MEDIUM,False,,False,,,
amalsgit/restassured-serenitybdd-junit-cucumber,https://github.com/amalsgit/restassured-serenitybdd-junit-cucumber,java,False,False,,False,,False,,,
amalv/typescript-cucumber-bdd,https://github.com/amalv/typescript-cucumber-bdd,nodejs,False,False,,False,,False,,,
amankshah/PlaywrightCucumberBoilerplate,https://github.com/amankshah/PlaywrightCucumberBoilerplate,nodejs,False,True,STRONG,True,playwright.yml,True,main,,False
amiya-pattnaik/selenium-cucumber-java,https://github.com/amiya-pattnaik/selenium-cucumber-java,java,False,False,,False,,False,,,
anair-it/drools-cucumber,https://github.com/anair-it/drools-cucumber,java,False,False,,False,,False,,,
anandavii/ecommAutomation,https://github.com/anandavii/ecommAutomation,java,False,False,,False,,False,,,
anarissoy/TryCloud_Project_Cucumber,https://github.com/anarissoy/TryCloud_Project_Cucumber,java,False,False,,False,,False,,,
andgerashchenko/VyTrackAutomation_cucumber_project,https://github.com/andgerashchenko/VyTrackAutomation_cucumber_project,java,False,False,,False,,False,,,
andredesousa/spring-cucumber-mockserver,https://github.com/andredesousa/spring-cucumber-mockserver,java,False,False,,False,,False,,,
andrewwh/cucumber-starter,https://github.com/andrewwh/cucumber-starter,nodejs,False,False,,False,,False,,,
andytheqaguy/SimpleBooksAPITesting,https://github.com/andytheqaguy/SimpleBooksAPITesting,java,False,False,,False,,False,,,
angiejones/restassured-with-cucumber-demo,https://github.com/angiejones/restassured-with-cucumber-demo,java,False,False,,False,,False,,,
anhtester/AutomationFrameworkCucumberTestNG,https://github.com/anhtester/AutomationFrameworkCucumberTestNG,java,False,False,,True,maven.yml,True,,,
anildhiman88/restAssured-BDD-automation,https://github.com/anildhiman88/restAssured-BDD-automation,java,False,False,,False,,False,,,
anilhorasan/Automation-Test-CI_CD,https://github.com/anilhorasan/Automation-Test-CI_CD,java,False,False,,False,,False,,,
anilthota26/Cucumber-Java-Selenium,https://github.com/anilthota26/Cucumber-Java-Selenium,java,False,False,,False,,False,,,
ankita21gaikwad/playwright-cucumber,https://github.com/ankita21gaikwad/playwright-cucumber,nodejs,False,True,STRONG,False,,False,,,
ankithakur011/Cucumber_Framework,https://github.com/ankithakur011/Cucumber_Framework,java,False,False,,False,,False,,,
anonymax25/cucumber-typescript-example,https://github.com/anonymax25/cucumber-typescript-example,nodejs,False,False,,True,test_cucumber.yml;test_unit.yml,True,,,
apickli/apickli,https://github.com/apickli/apickli,nodejs,False,False,,True,main.yaml,False,,,
applitools/workshop-applitools-se-java-cuke,https://github.com/applitools/workshop-applitools-se-java-cuke,java,False,False,,True,test.yml,True,,,
aqib1/Revolut_Task,https://github.com/aqib1/Revolut_Task,java,False,False,,False,,False,,,
arafkarsh/ms-test-quickstart,https://github.com/arafkarsh/ms-test-quickstart,java,False,False,,False,,False,,,
aravind12c/parlleltestCucumber,https://github.com/aravind12c/parlleltestCucumber,java,False,False,,False,,False,,,
arbaaz100/cucumber-playwright,https://github.com/arbaaz100/cucumber-playwright,nodejs,False,True,STRONG,False,,False,,,
arbiminanda19/appium-cucumber-cicle-staging,https://github.com/arbiminanda19/appium-cucumber-cicle-staging,java,False,False,,False,,False,,,
arbiminanda19/appium-cucumber-wdioapp-android-ios,https://github.com/arbiminanda19/appium-cucumber-wdioapp-android-ios,java,False,False,,False,,False,,,
archfirst/java-cucumber-template,https://github.com/archfirst/java-cucumber-template,java,False,False,,False,,False,,,
ariellsantos/cucumber_post,https://github.com/ariellsantos/cucumber_post,nodejs,False,False,,False,,False,,,
arifiandi/playwright-cucumber-playground,https://github.com/arifiandi/playwright-cucumber-playground,nodejs,False,True,STRONG,False,,False,,,
arisfatahillah/cucumber-webdriverio,https://github.com/arisfatahillah/cucumber-webdriverio,nodejs,False,False,,False,,False,,,
arjungangadharan007/CucumberBDD-Allure,https://github.com/arjungangadharan007/CucumberBDD-Allure,nodejs,False,True,STRONG,True,playwright.yml,True,main,,False
arnaud-dezandee/cucumber-mink,https://github.com/arnaud-dezandee/cucumber-mink,nodejs,False,False,,True,release.yml;test.yml,True,,,
arnosthavelka/junit-poc,https://github.com/arnosthavelka/junit-poc,java,False,False,,True,maven.yml,False,,,
arslanyasin330/Playwright-cucumber,https://github.com/arslanyasin330/Playwright-cucumber,nodejs,False,True,STRONG,False,,False,,,
artinalbert/cucumber-in-loop-minimum-viable-example,https://github.com/artinalbert/cucumber-in-loop-minimum-viable-example,nodejs,False,False,,False,,False,,,
ashenwgt/awesome-bdd-with-cucumber,https://github.com/ashenwgt/awesome-bdd-with-cucumber,java,False,False,,False,,False,,,
asifapasha/EcommerceWebAutomation,https://github.com/asifapasha/EcommerceWebAutomation,java,False,False,,False,,False,,,
askeyid/CucumberSeleniumTS,https://github.com/askeyid/CucumberSeleniumTS,nodejs,False,False,,False,,False,,,
asyabhi/Playwright-Cucumber,https://github.com/asyabhi/Playwright-Cucumber,nodejs,False,True,STRONG,False,,False,,,
atSistemas/techday-7,https://github.com/atSistemas/techday-7,java,False,False,,False,,False,,,
athakur012/play-ts-cucumber,https://github.com/athakur012/play-ts-cucumber,nodejs,False,True,STRONG,True,playwright.yml,True,main,,False
atishn/Selenium-cucumber-with-Spring,https://github.com/atishn/Selenium-cucumber-with-Spring,java,False,False,,False,,False,,,
aurelien-reeves/cucumber-js-esm-example,https://github.com/aurelien-reeves/cucumber-js-esm-example,nodejs,False,False,,True,ci.yml,False,,,
automationExamples/Playwright-Cucumber-Exercise,https://github.com/automationExamples/Playwright-Cucumber-Exercise,nodejs,True,True,MEDIUM,True,dispatch-to-grader.yml,True,main,success,True
av1v3k/learn-cucumber,https://github.com/av1v3k/learn-cucumber,nodejs,False,False,,False,,False,,,
aws-samples/aws-cdk-pipelines-cucumber-bdd,https://github.com/aws-samples/aws-cdk-pipelines-cucumber-bdd,nodejs,False,False,,False,,False,,,
aws-samples/aws-device-farm-appium-cucumber-tests-for-sample-app,https://github.com/aws-samples/aws-device-farm-appium-cucumber-tests-for-sample-app,java,False,False,,False,,False,,,
bach-tran/intro-to-cucumber,https://github.com/bach-tran/intro-to-cucumber,java,False,False,,False,,False,,,
baento/tsflow,https://github.com/baento/tsflow,nodejs,False,False,,True,ci.yml;release.yml,True,,,
baleola/agify-cucumber,https://github.com/baleola/agify-cucumber,nodejs,False,False,,True,test.yml,True,,,
batch2991/playwright_cucumber1,https://github.com/batch2991/playwright_cucumber1,nodejs,False,True,STRONG,False,,False,,,
bazylMN/cucumber-java-spring,https://github.com/bazylMN/cucumber-java-spring,java,False,False,,False,,False,,,
bazylMN/cucumber-java-webdriver-manager,https://github.com/bazylMN/cucumber-java-webdriver-manager,java,False,False,,False,,False,,,
bbuddies/bbuddy-cucumber-jvm-lseg,https://github.com/bbuddies/bbuddy-cucumber-jvm-lseg,java,False,False,,False,,False,,,
bcarun/cucumber-samples,https://github.com/bcarun/cucumber-samples,java,False,False,,False,,False,,,
bdd-in-action/chapter-12-flying-high-cucumber,https://github.com/bdd-in-action/chapter-12-flying-high-cucumber,java,False,False,,False,,False,,,
bekaarcoder/playwright-cucumber,https://github.com/bekaarcoder/playwright-cucumber,nodejs,False,True,STRONG,True,playwright.yml,True,main,,False
belfaqir/wdio-cucumber,https://github.com/belfaqir/wdio-cucumber,nodejs,False,False,,False,,False,,,
benwaar/automated-testing,https://github.com/benwaar/automated-testing,nodejs,False,True,STRONG,True,playwright.yml,True,main,failure,False
benweese/Java_Automation,https://github.com/benweese/Java_Automation,java,False,False,,True,maven.yml,True,,,
bhecquet/seleniumRobot,https://github.com/bhecquet/seleniumRobot,java,False,False,,True,build.yml;codeql-analysis.yml;maven-publish.yml;test_maven.yml;toc.yml,True,,,
bilallgunaydin/Register_Training_With_Cucumber,https://github.com/bilallgunaydin/Register_Training_With_Cucumber,java,False,False,,False,,False,,,
bitcoder/cucumber-java-calc,https://github.com/bitcoder/cucumber-java-calc,java,False,False,,True,main-cloud.yml;main-standard.yml,True,,,
bley-gold/Cucumber-and-JUnit-Test-Automation,https://github.com/bley-gold/Cucumber-and-JUnit-Test-Automation,java,False,False,,False,,False,,,
bobbyecho/wdio-serenityjs-cucumber-saucelabs,https://github.com/bobbyecho/wdio-serenityjs-cucumber-saucelabs,nodejs,False,False,,False,,False,,,
boris-t/Selenide-cucumber-allure,https://github.com/boris-t/Selenide-cucumber-allure,java,False,False,,False,,False,,,
borisskert/springboot-cucumber-wiremock-example,https://github.com/borisskert/springboot-cucumber-wiremock-example,java,False,False,,True,maven.yml,False,,,
bouslimi/selenium-cucumber-junit,https://github.com/bouslimi/selenium-cucumber-junit,java,False,False,,False,,False,,,
brignano/cucumber-playwright,https://github.com/brignano/cucumber-playwright,nodejs,False,True,STRONG,True,test.yml,True,master,failure,False
browserstack/cucumber-java-browserstack,https://github.com/browserstack/cucumber-java-browserstack,java,False,False,,True,Semgrep.yml;maven-workflow-run.yml,True,,,
browserstack/cucumber-js-browserstack,https://github.com/browserstack/cucumber-js-browserstack,nodejs,False,False,,True,Semgrep.yml;reviewing_changes.yml,True,,,
bulutluoz/Bilgeadam_API_Cucumber_Winter2024,https://github.com/bulutluoz/Bilgeadam_API_Cucumber_Winter2024,java,False,False,,False,,False,,,
busebozkurtt/imdb-ui-test,https://github.com/busebozkurtt/imdb-ui-test,java,False,False,,False,,False,,,
byKosta/MavenAndTestNG,https://github.com/byKosta/MavenAndTestNG,java,False,False,,True,cancel.yml;ci.yml,True,,,
bykgz/Playwright_Cucumber,https://github.com/bykgz/Playwright_Cucumber,nodejs,False,True,STRONG,True,playwright.yml,True,master,,False
cadmiumkitty/cucumber-jmeter-r-integration,https://github.com/cadmiumkitty/cucumber-jmeter-r-integration,java,False,False,,False,,False,,,
callmencah/Selenium-Junit_Cucumber,https://github.com/callmencah/Selenium-Junit_Cucumber,java,False,False,,False,,False,,,
callnirajgupta/CucumberSelenium,https://github.com/callnirajgupta/CucumberSelenium,java,False,False,,False,,False,,,
cap-js-community/cds-cucumber,https://github.com/cap-js-community/cds-cucumber,nodejs,False,False,,True,bookshop.local.ui5.yml;bookshop.yml;checkAPI.yml;gettingStarted.cached.ui5.tgz.yml;gettingStarted.cached.ui5.yml;gettingStarted.yml;release.yml;sflight.local.ui5.yml;sflight.yml,True,,,
carizam/Playwright-cucumber-swaglabs,https://github.com/carizam/Playwright-cucumber-swaglabs,nodejs,False,True,STRONG,False,,False,,,
carlosvagnoni/JavaSeleniumCucumber,https://github.com/carlosvagnoni/JavaSeleniumCucumber,java,False,False,,False,,False,,,
carlosvagnoni/typescript_playwright_cucumber,https://github.com/carlosvagnoni/typescript_playwright_cucumber,nodejs,False,True,STRONG,False,,False,,,
cedaniel200/appium-screenplay-pageobject,https://github.com/cedaniel200/appium-screenplay-pageobject,java,False,False,,False,,False,,,
cedaniel200/example-of-Screenplay-Rest-and-SOAP,https://github.com/cedaniel200/example-of-Screenplay-Rest-and-SOAP,java,False,False,,False,,False,,,
cedaniel200/screenplay-google-translate,https://github.com/cedaniel200/screenplay-google-translate,java,False,False,,False,,False,,,
cedaniel200/screenplay-starc,https://github.com/cedaniel200/screenplay-starc,java,False,False,,False,,False,,,
cedaniel200/screenplay-windows-application-driver,https://github.com/cedaniel200/screenplay-windows-application-driver,java,False,False,,False,,False,,,
cepnif/playwright-test-automation,https://github.com/cepnif/playwright-test-automation,java,False,True,STRONG,False,,False,,,
cesar1414/playwright-frameworkUIOnly,https://github.com/cesar1414/playwright-frameworkUIOnly,nodejs,False,True,STRONG,False,,False,,,
cgjangid/selenium-cucumber-jvm-testNG-pom-bdd,https://github.com/cgjangid/selenium-cucumber-jvm-testNG-pom-bdd,java,False,False,,False,,False,,,
chaminda204/bdd-cucumber,https://github.com/chaminda204/bdd-cucumber,java,False,False,,False,,False,,,
cheetirala/bankingapptests,https://github.com/cheetirala/bankingapptests,java,False,False,,False,,False,,,
chen-196-hub/e2e-scenario,https://github.com/chen-196-hub/e2e-scenario,nodejs,False,True,STRONG,True,playwright.yml,True,main,,False
chenpeng9/cucumber-java,https://github.com/chenpeng9/cucumber-java,java,False,False,,False,,False,,,
chiragkhimani/devx-fall-2022-cucumber-framework,https://github.com/chiragkhimani/devx-fall-2022-cucumber-framework,java,False,False,,False,,False,,,
chonglee30/Playwright-Cucumber,https://github.com/chonglee30/Playwright-Cucumber,nodejs,True,True,STRONG,True,playwright.yml,True,main,success,True
cihat-kose/zerobank-selenium-cucumber-ui-test-automation,https://github.com/cihat-kose/zerobank-selenium-cucumber-ui-test-automation,java,False,False,,False,,False,,,
cipivanov/serenity-screenplay-pattern,https://github.com/cipivanov/serenity-screenplay-pattern,java,False,False,,False,,False,,,
cjmarkham/Gherklin,https://github.com/cjmarkham/Gherklin,nodejs,False,False,,True,ci.yml,True,,,
clovisolivier/api-cucumber-java,https://github.com/clovisolivier/api-cucumber-java,java,False,False,,False,,False,,,
cmccarthyIrl/spring-cucumber-appium,https://github.com/cmccarthyIrl/spring-cucumber-appium,java,False,False,,False,,False,,,
cmccarthyIrl/spring-cucumber-junit-parallel-test-harness,https://github.com/cmccarthyIrl/spring-cucumber-junit-parallel-test-harness,java,False,False,,True,test.yml,False,,,
cmccarthyIrl/spring-cucumber-serenity-test-harness,https://github.com/cmccarthyIrl/spring-cucumber-serenity-test-harness,java,False,False,,False,,False,,,
cmccarthyIrl/spring-cucumber-testng-parallel-test-harness,https://github.com/cmccarthyIrl/spring-cucumber-testng-parallel-test-harness,java,False,False,,True,run.yml,True,,,
cncoding101/test-automation-with-ppcc,https://github.com/cncoding101/test-automation-with-ppcc,nodejs,False,True,STRONG,True,test.workflow.yml,True,master,,False
code-chimp/bdd-react-app,https://github.com/code-chimp/bdd-react-app,nodejs,False,True,MEDIUM,False,,False,,,
codesworld/PlaywrightBDD,https://github.com/codesworld/PlaywrightBDD,nodejs,False,True,STRONG,True,playwright.yml,True,master,,False
codingstones/cucumber-java,https://github.com/codingstones/cucumber-java,java,False,False,,False,,False,,,
codoid-repos/cucumber-di-example,https://github.com/codoid-repos/cucumber-di-example,java,False,False,,False,,False,,,
connor-hitchcock/Leftovers-The-Ecommerce-Food-Web-App,https://github.com/connor-hitchcock/Leftovers-The-Ecommerce-Food-Web-App,java,False,False,,False,,False,,,
contactkkiran/playwrightCucumber,https://github.com/contactkkiran/playwrightCucumber,nodejs,False,True,STRONG,True,playwright.yml,True,main,,False
copeautomation/wdio-cucumber-e2e-test,https://github.com/copeautomation/wdio-cucumber-e2e-test,nodejs,False,False,,True,wdio.ci.yml,True,,,
cosminCirstea/pw.ts.cuke,https://github.com/cosminCirstea/pw.ts.cuke,nodejs,False,True,STRONG,False,,False,,,
cronn/cucumber-junit5-example,https://github.com/cronn/cucumber-junit5-example,java,False,False,,True,codeql-analysis.yml;gradle.yml;update-dependencies.yml;update-gradle-wrapper.yml,True,,,
crs1138/cucumber-shouty,https://github.com/crs1138/cucumber-shouty,nodejs,False,False,,False,,False,,,
ctco/cukes,https://github.com/ctco/cukes,java,False,False,,False,,False,,,
cucumber-attic/cucumber-jvm-gosu,https://github.com/cucumber-attic/cucumber-jvm-gosu,java,False,False,,False,,False,,,
cucumber-attic/cucumber-jvm-jython,https://github.com/cucumber-attic/cucumber-jvm-jython,java,False,False,,False,,False,,,
cucumber-examples/shouty.js,https://github.com/cucumber-examples/shouty.js,nodejs,False,False,,False,,False,,,
cucumber-ltd/cucumber-school-java,https://github.com/cucumber-ltd/cucumber-school-java,java,False,False,,False,,False,,,
cucumber/cucumber-eclipse,https://github.com/cucumber/cucumber-eclipse,java,False,False,,True,deploy.yml;test.yaml;zizmor-analysis.yaml,True,,,
cucumber/cucumber-electron,https://github.com/cucumber/cucumber-electron,nodejs,False,False,,True,build.yml,False,,,
cucumber/cucumber-java-skeleton,https://github.com/cucumber/cucumber-java-skeleton,java,False,False,,True,test-java.yml;zizmor-analysis.yaml,False,,,
cucumber/cucumber-js,https://github.com/cucumber/cucumber-js,nodejs,False,False,,True,build.yml;codeql-javascript.yaml;release-github.yml;release-npm.yml;release-site.yml;stale.yml;zizmor-analysis.yaml,True,,,
cucumber/cucumber-json-converter,https://github.com/cucumber/cucumber-json-converter,nodejs,False,False,,True,codeql-javascript.yaml;release-github.yaml;release-npm.yml;test.yaml;zizmor-analysis.yaml,True,,,
cucumber/cucumber-jvm,https://github.com/cucumber/cucumber-jvm,java,False,False,,True,codeql-java.yaml;release-github.yml;release-mvn.yaml;test-java.yaml;zizmor-analysis.yaml,True,,,
cucumber/cucumber-jvm-groovy,https://github.com/cucumber/cucumber-jvm-groovy,java,False,False,,True,test-java.yml,False,,,
cucumber/fake-cucumber,https://github.com/cucumber/fake-cucumber,nodejs,False,False,,True,release.yml;test.yml,True,,,
cucumber/screenplay.js.examples,https://github.com/cucumber/screenplay.js.examples,nodejs,False,False,,True,codeql-javascript.yaml;test-javascript.yaml;zizmor-analysis.yaml,True,,,
cvenkatreddy/restassured-serenity-cucumber,https://github.com/cvenkatreddy/restassured-serenity-cucumber,java,False,False,,False,,False,,,
czeczotka/cucumber-jvm-maven,https://github.com/czeczotka/cucumber-jvm-maven,java,False,False,,False,,False,,,
czeczotka/cucumber-jvm-regex,https://github.com/czeczotka/cucumber-jvm-regex,java,False,False,,False,,False,,,
dabogee/com.dabogee.io.cucumber.rerun-poc,https://github.com/dabogee/com.dabogee.io.cucumber.rerun-poc,java,False,False,,False,,False,,,
daihiep-citynow/playwright-cucumber,https://github.com/daihiep-citynow/playwright-cucumber,nodejs,False,True,MEDIUM,True,page.yml,False,main,,False
dajagtap4/playwright_Framework_With_CucumberBDD,https://github.com/dajagtap4/playwright_Framework_With_CucumberBDD,nodejs,False,True,STRONG,False,,False,,,
dakotaJang/cucumber-playwright-typescript-starter,https://github.com/dakotaJang/cucumber-playwright-typescript-starter,nodejs,False,True,STRONG,False,,False,,,
dannybarrientos/playwright-cucumber,https://github.com/dannybarrientos/playwright-cucumber,nodejs,False,True,STRONG,True,test.yml,True,master,,False
daropotter/cucumber-js-demo,https://github.com/daropotter/cucumber-js-demo,nodejs,False,False,,False,,False,,,
david2701palacios/playwrightCucumber,https://github.com/david2701palacios/playwrightCucumber,nodejs,False,True,STRONG,False,,False,,,
davidjgoss/cucumber-puppeteer-typescript-starter,https://github.com/davidjgoss/cucumber-puppeteer-typescript-starter,nodejs,False,False,,False,,False,,,
daxone222/pwpoc,https://github.com/daxone222/pwpoc,nodejs,False,True,STRONG,True,test.yml,True,master,,False
dayvid-d1/play-cucumber,https://github.com/dayvid-d1/play-cucumber,nodejs,False,True,STRONG,False,,False,,,
dco5scp/playwright-cucumber,https://github.com/dco5scp/playwright-cucumber,nodejs,False,True,STRONG,True,playwright.yml,True,main,,False
dcodesdev/playwright-cucumber-tutorial,https://github.com/dcodesdev/playwright-cucumber-tutorial,nodejs,False,True,STRONG,True,playwright.yml,True,main,,False
deblockt/cucumber-datatable-to-bean-mapping,https://github.com/deblockt/cucumber-datatable-to-bean-mapping,java,False,False,,True,release.yml;test.yml,False,,,
deblockt/cucumber-report-annotations-action,https://github.com/deblockt/cucumber-report-annotations-action,nodejs,False,False,,True,pr-check.yml;test.yml,True,,,
deekshith246/cucumber-Framework,https://github.com/deekshith246/cucumber-Framework,nodejs,False,True,MEDIUM,True,main.yml,True,main,,False
denizbabayaka/Playwright-Cucumber-Java,https://github.com/denizbabayaka/Playwright-Cucumber-Java,java,False,True,STRONG,False,,False,,,
depapp/pusakatest,https://github.com/depapp/pusakatest,nodejs,False,False,,True,ci.yml,True,,,
dev-madhurendra/bdd-cucumber,https://github.com/dev-madhurendra/bdd-cucumber,java,False,False,,False,,False,,,
dev-wahyuinc/wahyuinc-serenity-js-cucumber-webdriverio-template,https://github.com/dev-wahyuinc/wahyuinc-serenity-js-cucumber-webdriverio-template,nodejs,False,False,,True,main.yml,True,,,
dev9com/cucumber-java-selenium-example,https://github.com/dev9com/cucumber-java-selenium-example,java,False,False,,False,,False,,,
devdesk1/PlaywrightCucumber,https://github.com/devdesk1/PlaywrightCucumber,nodejs,False,True,STRONG,False,,False,,,
dezlearn/dezinnia-cucumber,https://github.com/dezlearn/dezinnia-cucumber,java,False,False,,False,,False,,,
dhil0325/java-cucumber-web-master,https://github.com/dhil0325/java-cucumber-web-master,java,False,False,,False,,False,,,
dilankadon/AppiumCrossPlatformIosAndroid,https://github.com/dilankadon/AppiumCrossPlatformIosAndroid,java,False,False,,False,,False,,,
dilshan5/ttaf-ui-intive,https://github.com/dilshan5/ttaf-ui-intive,java,False,False,,False,,False,,,
dimazelinskyi/jacoco-coverage-cucumber-unit-tests,https://github.com/dimazelinskyi/jacoco-coverage-cucumber-unit-tests,java,False,False,,False,,False,,,
dionisggr/saucedemo,https://github.com/dionisggr/saucedemo,nodejs,False,False,,False,,False,,,
divyacodeprac/Cucumber_TS,https://github.com/divyacodeprac/Cucumber_TS,nodejs,False,True,STRONG,False,,False,,,
dkowis/Cucumber-JVM-Example,https://github.com/dkowis/Cucumber-JVM-Example,java,False,False,,False,,False,,,
dkowis/cucumber-jvm-hybrid-example,https://github.com/dkowis/cucumber-jvm-hybrid-example,java,False,False,,False,,False,,,
dmytro-ch21/Selenium-Cucumber-Demo-Framework,https://github.com/dmytro-ch21/Selenium-Cucumber-Demo-Framework,java,False,False,,False,,False,,,
dntthuan064/playwright-bdd-project,https://github.com/dntthuan064/playwright-bdd-project,nodejs,True,True,STRONG,True,playwright.yml;slack-notify-2.yml;slack-notify.yml,True,main,success,True
doamaral/api-testing-cucumber,https://github.com/doamaral/api-testing-cucumber,nodejs,False,False,,True,base.yml,True,,,
doansontung1986/RestAssuredCucumberParallel,https://github.com/doansontung1986/RestAssuredCucumberParallel,java,False,False,,False,,False,,,
dodie/cucumber-gifreporter-experiment,https://github.com/dodie/cucumber-gifreporter-experiment,java,False,False,,False,,False,,,
donesvad/java-ui-test-github,https://github.com/donesvad/java-ui-test-github,java,False,False,,True,pr-check.yml;selenium-test.yml,True,,,
dongoloid/selenium-stream-lambda,https://github.com/dongoloid/selenium-stream-lambda,java,False,False,,False,,False,,,
douglaslb/playwright-cucumber,https://github.com/douglaslb/playwright-cucumber,nodejs,False,True,STRONG,False,,False,,,
dougnoel/sentinel,https://github.com/dougnoel/sentinel,java,False,False,,True,codeql-analysis.yml;maven.yml,False,,,
dsaurabhc/Playwright-Cucumber-Framework,https://github.com/dsaurabhc/Playwright-Cucumber-Framework,nodejs,False,True,MEDIUM,True,playwright.yml,True,main,failure,False
dshaplyko/pw-cucumber,https://github.com/dshaplyko/pw-cucumber,nodejs,False,True,STRONG,False,,False,,,
dtacademyb8/duotify-cucumber-bdd-framework,https://github.com/dtacademyb8/duotify-cucumber-bdd-framework,java,False,False,,False,,False,,,
durgac2012/Playwright-Cucumber-Exercise1,https://github.com/durgac2012/Playwright-Cucumber-Exercise1,nodejs,False,True,MEDIUM,False,,False,,,
dwikifadhilah/Cucumber-Selenium-Java-Test,https://github.com/dwikifadhilah/Cucumber-Selenium-Java-Test,java,False,False,,False,,False,,,
dyasinaroglan/CucumberWorking,https://github.com/dyasinaroglan/CucumberWorking,java,False,False,,False,,False,,,
e2cabral/boilerplate-lambda-jest-cucumber,https://github.com/e2cabral/boilerplate-lambda-jest-cucumber,nodejs,False,False,,False,,False,,,
earvinnill/cucumber-playwright,https://github.com/earvinnill/cucumber-playwright,nodejs,False,True,STRONG,True,test.yml,True,master,failure,False
eccanto/base-cucumber-selenium-java,https://github.com/eccanto/base-cucumber-selenium-java,java,False,False,,False,,False,,,
eddiejaoude/video-tdd-api-pactumjs-cucumber,https://github.com/eddiejaoude/video-tdd-api-pactumjs-cucumber,nodejs,False,False,,False,,False,,,
edibImamovic/SeleniumWithCucumber,https://github.com/edibImamovic/SeleniumWithCucumber,java,False,False,,False,,False,,,
edmundackah/puppeteer-bdd-poc,https://github.com/edmundackah/puppeteer-bdd-poc,nodejs,False,False,,False,,False,,,
edzzh/Playwright-CucumberJS-TypeScript-E2E-Framework,https://github.com/edzzh/Playwright-CucumberJS-TypeScript-E2E-Framework,nodejs,False,True,STRONG,False,,False,,,
einnor/gherkin-demo,https://github.com/einnor/gherkin-demo,nodejs,False,False,,False,,False,,,
ekim197711/springboot-cucumber,https://github.com/ekim197711/springboot-cucumber,java,False,False,,False,,False,,,
el-ser/cucumber-pactum,https://github.com/el-ser/cucumber-pactum,nodejs,False,False,,False,,False,,,
elct9620/cucumber-playwright-example,https://github.com/elct9620/cucumber-playwright-example,nodejs,False,True,STRONG,True,cucumber.yml,True,main,,False
elliot710/af-testing,https://github.com/elliot710/af-testing,nodejs,False,True,STRONG,False,,False,,,
emIsmaeel/Playwright-cucumber,https://github.com/emIsmaeel/Playwright-cucumber,nodejs,False,True,STRONG,False,,False,,,
emZubair/Playwright-cucumber,https://github.com/emZubair/Playwright-cucumber,nodejs,False,True,STRONG,False,,False,,,
emmasuzuki/CucumberEspressoDemo,https://github.com/emmasuzuki/CucumberEspressoDemo,java,False,False,,False,,False,,,
emrahaktepe/BriteERP_Project,https://github.com/emrahaktepe/BriteERP_Project,java,False,False,,False,,False,,,
emreduman3146/05_CucumberSelenium,https://github.com/emreduman3146/05_CucumberSelenium,java,False,False,,False,,False,,,
emrtnm/TestMersys,https://github.com/emrtnm/TestMersys,java,False,False,,False,,False,,,
emrtnm/cucumber-automation-framework,https://github.com/emrtnm/cucumber-automation-framework,java,False,False,,False,,False,,,
erhanilgar/CucumberPlaywright,https://github.com/erhanilgar/CucumberPlaywright,nodejs,False,True,STRONG,True,playwright.yml,True,main,failure,False
erlevren/Cucumber_AutomationExercises,https://github.com/erlevren/Cucumber_AutomationExercises,java,False,False,,False,,False,,,
eroshenkoam/allure-cucumberjs,https://github.com/eroshenkoam/allure-cucumberjs,nodejs,False,False,,False,,False,,,
erukulamadhubugtester/MYJ-Cucumber-Selenium-TS-Full-StackAutomation-E2E-,https://github.com/erukulamadhubugtester/MYJ-Cucumber-Selenium-TS-Full-StackAutomation-E2E-,nodejs,False,False,,False,,False,,,
estefafdez/selenium-cucumber,https://github.com/estefafdez/selenium-cucumber,java,False,False,,False,,False,,,
euroTech-sdet/batch3-CucumberSelenium,https://github.com/euroTech-sdet/batch3-CucumberSelenium,java,False,False,,False,,False,,,
excellentdrums/Cucumber-JVM-Spring-MVC-Test-HTMLUnit-Demo,https://github.com/excellentdrums/Cucumber-JVM-Spring-MVC-Test-HTMLUnit-Demo,java,False,False,,False,,False,,,
executeautomation/Cucumber-jvm,https://github.com/executeautomation/Cucumber-jvm,java,False,False,,True,maven.yml,False,,,
executeautomation/SeleniumGitHubActions,https://github.com/executeautomation/SeleniumGitHubActions,java,False,False,,True,maven.yml,True,,,
explosivose/cucumber-example-ts-node-react,https://github.com/explosivose/cucumber-example-ts-node-react,nodejs,False,False,,False,,False,,,
extent-framework/extentreports-cucumber2-adapter,https://github.com/extent-framework/extentreports-cucumber2-adapter,java,False,False,,False,,False,,,
extent-framework/extentreports-cucumber4-adapter,https://github.com/extent-framework/extentreports-cucumber4-adapter,java,False,False,,False,,False,,,
extrawest/BDD-Charge-Point-Tester-via-OCPP-J-,https://github.com/extrawest/BDD-Charge-Point-Tester-via-OCPP-J-,java,False,False,,True,release-publish.yml;snapshot-publish.yml,False,,,
extrawest/bdd_ocpi_2.2.1_emsp,https://github.com/extrawest/bdd_ocpi_2.2.1_emsp,java,False,False,,False,,False,,,
eyupUK/playwright-cucumber-nft,https://github.com/eyupUK/playwright-cucumber-nft,nodejs,True,True,STRONG,True,k6-grafana.yml;playwright.yml,True,main,success,True
farukyucel5/Arabam.comTestCasesWithCucumber,https://github.com/farukyucel5/Arabam.comTestCasesWithCucumber,java,False,False,,False,,False,,,
farukyucel5/FacebookLoginFunctionalityWithCucumberJava,https://github.com/farukyucel5/FacebookLoginFunctionalityWithCucumberJava,java,False,False,,False,,False,,,
farukyucel5/TestiniomTrelloCucumberApiCaseStudy,https://github.com/farukyucel5/TestiniomTrelloCucumberApiCaseStudy,java,False,False,,False,,False,,,
fedealdosivi/playwright-cucumber,https://github.com/fedealdosivi/playwright-cucumber,nodejs,False,True,STRONG,True,playwright.yml,True,main,,False
feeroz123/ES_Playwright_Demo,https://github.com/feeroz123/ES_Playwright_Demo,nodejs,False,True,STRONG,False,,False,,,
filland/social-network-java-spring-wiremock-cucumber-e2e-test,https://github.com/filland/social-network-java-spring-wiremock-cucumber-e2e-test,java,False,False,,False,,False,,,
firagapratama/LoginAutomationTDD,https://github.com/firagapratama/LoginAutomationTDD,java,False,False,,False,,False,,,
florinungur/RCNIT,https://github.com/florinungur/RCNIT,java,False,False,,False,,False,,,
fmarinoa/cucumber-api-testing,https://github.com/fmarinoa/cucumber-api-testing,nodejs,False,False,,True,run-test-with-amplify.yml;run-test.yml,True,,,
formentor-studio/dapp-auction-with-bdd-cucumber,https://github.com/formentor-studio/dapp-auction-with-bdd-cucumber,nodejs,False,False,,True,CI.yml,True,,,
foysal619/Login-Module-Automation-Selenium-Cucumber,https://github.com/foysal619/Login-Module-Automation-Selenium-Cucumber,java,False,False,,False,,False,,,
francislainy/cucumber-spring-boilerplate,https://github.com/francislainy/cucumber-spring-boilerplate,java,False,False,,False,,False,,,
freeautomationlearning/RestAssurredCucumber,https://github.com/freeautomationlearning/RestAssurredCucumber,java,False,False,,False,,False,,,
fslev/cucumber-jutils,https://github.com/fslev/cucumber-jutils,java,False,False,,True,jekyll-gh-pages.yml;maven.yml,True,,,
ftavilla/playwright-cucumber,https://github.com/ftavilla/playwright-cucumber,nodejs,False,True,STRONG,False,,False,,,
gabrielstar/cucumber,https://github.com/gabrielstar/cucumber,java,False,False,,False,,False,,,
gauravkarvir/cucumber_testng_java,https://github.com/gauravkarvir/cucumber_testng_java,java,False,False,,False,,False,,,
gdautoqa/playwright-ui-bdd-cucumber,https://github.com/gdautoqa/playwright-ui-bdd-cucumber,nodejs,False,False,,False,,False,,,
generalui/getting-started-with-bdd,https://github.com/generalui/getting-started-with-bdd,nodejs,False,True,STRONG,True,playwright.yml,True,main,,False
gftf2011/clean-node-file-uploader-api-js,https://github.com/gftf2011/clean-node-file-uploader-api-js,nodejs,False,False,,False,,False,,,
gherkin-by-example/java-cucumber,https://github.com/gherkin-by-example/java-cucumber,java,False,False,,True,codacy-analysis.yml;maven.yml,True,,,
ghoosiafatima/cucumber,https://github.com/ghoosiafatima/cucumber,nodejs,False,False,,False,,False,,,
ghoshasish99/Appium-Cucumber-Browserstack,https://github.com/ghoshasish99/Appium-Cucumber-Browserstack,java,False,False,,True,maven.yml,True,,,
ghoshasish99/Appium-Cucumber-RWD-BrowserStack,https://github.com/ghoshasish99/Appium-Cucumber-RWD-BrowserStack,java,False,False,,True,maven.yml,True,,,
ghoshasish99/Cucumber-Docker-AzureDevOps,https://github.com/ghoshasish99/Cucumber-Docker-AzureDevOps,java,False,False,,False,,False,,,
ghoshasish99/Playwright-Java-Cucumber,https://github.com/ghoshasish99/Playwright-Java-Cucumber,java,False,True,STRONG,True,maven.yml,True,main,,False
ghoshasish99/Selenium-Cucumber-Moon,https://github.com/ghoshasish99/Selenium-Cucumber-Moon,java,False,False,,True,maven.yml,True,,,
ghoshasish99/SerenityRestAssured,https://github.com/ghoshasish99/SerenityRestAssured,java,False,False,,True,maven.yml,True,,,
gili1010/Framework-Thanos,https://github.com/gili1010/Framework-Thanos,nodejs,False,True,STRONG,False,,False,,,
gingeleski/cucumber-spring-security-tests,https://github.com/gingeleski/cucumber-spring-security-tests,java,False,False,,False,,False,,,
gingeleski/helloworld-cucumber-java-gradle,https://github.com/gingeleski/helloworld-cucumber-java-gradle,java,False,False,,False,,False,,,
girisharathod/cinema-with-cucumber,https://github.com/girisharathod/cinema-with-cucumber,java,False,False,,False,,False,,,
githsem/AutomationExercise_API_Testing,https://github.com/githsem/AutomationExercise_API_Testing,java,False,False,,False,,False,,,
githubvin/CucumberWorkout,https://github.com/githubvin/CucumberWorkout,java,False,False,,False,,False,,,
glkada/Cucumber-Playwright-BrowserStack,https://github.com/glkada/Cucumber-Playwright-BrowserStack,nodejs,False,True,STRONG,True,test.yml,True,master,,False
globalworming/cucumber-js-starter,https://github.com/globalworming/cucumber-js-starter,nodejs,False,False,,False,,False,,,
gopyyn/Salad,https://github.com/gopyyn/Salad,java,False,False,,True,maven-publish.yml,False,,,
goverdhan406/WDIO_CucumberTS,https://github.com/goverdhan406/WDIO_CucumberTS,nodejs,False,False,,False,,False,,,
govind1072/cucumber-demo,https://github.com/govind1072/cucumber-demo,java,False,False,,True,main.yml;my.yml,True,,,
grandEL-dsouza/playwright-cucumber-test-for-browserstack,https://github.com/grandEL-dsouza/playwright-cucumber-test-for-browserstack,nodejs,False,True,STRONG,False,,False,,,
grasshopper7/cuke-di,https://github.com/grasshopper7/cuke-di,java,False,False,,False,,False,,,
grasshopper7/cuke4-parameter-datatable,https://github.com/grasshopper7/cuke4-parameter-datatable,java,False,False,,False,,False,,,
grasshopper7/cuke4junitparallel,https://github.com/grasshopper7/cuke4junitparallel,java,False,False,,False,,False,,,
grasshopper7/cuke4testngparallel,https://github.com/grasshopper7/cuke4testngparallel,java,False,False,,False,,False,,,
grasshopper7/cuke5-migrate,https://github.com/grasshopper7/cuke5-migrate,java,False,False,,False,,False,,,
grasshopper7/extentreports-cucumber5-adapter,https://github.com/grasshopper7/extentreports-cucumber5-adapter,java,False,False,,False,,False,,,
grasshopper7/extentreports-cucumber6-adapter,https://github.com/grasshopper7/extentreports-cucumber6-adapter,java,False,False,,False,,False,,,
grasshopper7/junitcuke4sharedwebdriver,https://github.com/grasshopper7/junitcuke4sharedwebdriver,java,False,False,,False,,False,,,
grasshopper7/testngcuke4sharedwebdriver,https://github.com/grasshopper7/testngcuke4sharedwebdriver,java,False,False,,False,,False,,,
gsumit1/CucumberBDD,https://github.com/gsumit1/CucumberBDD,java,False,False,,False,,False,,,
gulammustufa/AutomationTestingBaseFramework,https://github.com/gulammustufa/AutomationTestingBaseFramework,java,False,False,,False,,False,,,
gunesmes/selenium-cucumber-java,https://github.com/gunesmes/selenium-cucumber-java,java,False,False,,False,,False,,,
gunzpro21/SeleniumCucumberJunit,https://github.com/gunzpro21/SeleniumCucumberJunit,java,False,False,,False,,False,,,
gurudattgd04/cucumber-setup,https://github.com/gurudattgd04/cucumber-setup,nodejs,False,False,,True,ci.yml,True,,,
hakankara75/Appium_Cucumber,https://github.com/hakankara75/Appium_Cucumber,java,False,False,,False,,False,,,
hamzayilmaz2021/HypnotesCucumber,https://github.com/hamzayilmaz2021/HypnotesCucumber,java,False,False,,False,,False,,,
hans-marquez-globant/screenplay-cucumber,https://github.com/hans-marquez-globant/screenplay-cucumber,java,False,False,,False,,False,,,
hanykhalil/cucumberTemplate,https://github.com/hanykhalil/cucumberTemplate,java,False,False,,False,,False,,,
harigithub1/PlaywrightCucumber,https://github.com/harigithub1/PlaywrightCucumber,nodejs,False,False,,False,,False,,,
harita-R/Nightwatch-and-Cucumber,https://github.com/harita-R/Nightwatch-and-Cucumber,nodejs,False,False,,False,,False,,,
haticedagli/wingie-QA-case-study,https://github.com/haticedagli/wingie-QA-case-study,java,False,False,,False,,False,,,
hdmsantander/nodejs-cucumber-apimocker-example,https://github.com/hdmsantander/nodejs-cucumber-apimocker-example,nodejs,False,False,,False,,False,,,
hdorgeval/cucumber7-ts-starter,https://github.com/hdorgeval/cucumber7-ts-starter,nodejs,False,False,,False,,False,,,
hdorgeval/playwright-fluent-ts-cucumber7-starter,https://github.com/hdorgeval/playwright-fluent-ts-cucumber7-starter,nodejs,False,True,MEDIUM,False,,False,,,
heziofernandes/simple-project-cucumber,https://github.com/heziofernandes/simple-project-cucumber,java,False,False,,False,,False,,,
hickVieira/serverest-front-tests,https://github.com/hickVieira/serverest-front-tests,nodejs,False,True,STRONG,False,,False,,,
himanshuarora05/serenity-rest-starter,https://github.com/himanshuarora05/serenity-rest-starter,java,False,False,,False,,False,,,
hiroksarker/UI_Automation,https://github.com/hiroksarker/UI_Automation,java,False,False,,True,maven.yml,False,,,
hmcts/befta-fw,https://github.com/hmcts/befta-fw,java,False,False,,True,ado_artifacts_build.yml;ci.yml;delete_ado_artifacts_versions.yml;stale.yml,False,,,
hoangthach252/Cucumber7JUnit5SelenideSpringGradle,https://github.com/hoangthach252/Cucumber7JUnit5SelenideSpringGradle,java,False,False,,False,,False,,,
hvanli/HrmsCucumberFramwork,https://github.com/hvanli/HrmsCucumberFramwork,java,False,False,,False,,False,,,
hvanli/OrangeHrmCucumberFramework,https://github.com/hvanli/OrangeHrmCucumberFramework,java,False,False,,False,,False,,,
hwurht/jbpm-cucumber-testing,https://github.com/hwurht/jbpm-cucumber-testing,java,False,False,,False,,False,,,
iamkrishnagawade/playwright-cucumber-ts-e2e-boilerplate,https://github.com/iamkrishnagawade/playwright-cucumber-ts-e2e-boilerplate,nodejs,False,False,,False,,False,,,
iepoch/serenity-playwright-cucumber,https://github.com/iepoch/serenity-playwright-cucumber,nodejs,False,True,STRONG,False,,False,,,
igniteram/testng-cucumber,https://github.com/igniteram/testng-cucumber,java,False,False,,False,,False,,,
ilya-skapchuk/cucumber-playwright-test-typescript,https://github.com/ilya-skapchuk/cucumber-playwright-test-typescript,nodejs,False,True,STRONG,True,node.js.yml,True,master,,False
imademethink/imademethink_cucumber_reporting_masterthought,https://github.com/imademethink/imademethink_cucumber_reporting_masterthought,java,False,False,,False,,False,,,
ingomohr/cucumber-example,https://github.com/ingomohr/cucumber-example,java,False,False,,True,mvn-build-master.yml,False,,,
inqa/bdd-appium-hybridapp-serenity,https://github.com/inqa/bdd-appium-hybridapp-serenity,java,False,False,,False,,False,,,
isabelleAtHashgraph/cucumber-tokens,https://github.com/isabelleAtHashgraph/cucumber-tokens,nodejs,False,False,,False,,False,,,
ishansaini/playwright-dummy,https://github.com/ishansaini/playwright-dummy,nodejs,True,True,STRONG,True,playwright.yml,True,main,success,True
islomar/payments-api,https://github.com/islomar/payments-api,java,False,False,,False,,False,,,
iso13/cucumber-appium,https://github.com/iso13/cucumber-appium,nodejs,False,False,,False,,False,,,
isorbon/Cucumber_MySQL_API,https://github.com/isorbon/Cucumber_MySQL_API,java,False,False,,False,,False,,,
ivanwidyan/serenity-cucumber4-sample-project,https://github.com/ivanwidyan/serenity-cucumber4-sample-project,java,False,False,,False,,False,,,
ivars-p/cucumber-puppeteer,https://github.com/ivars-p/cucumber-puppeteer,nodejs,False,False,,False,,False,,,
ivodimitrov/selenium-webdriver-java-practice,https://github.com/ivodimitrov/selenium-webdriver-java-practice,java,False,False,,False,,False,,,
iwalk-jo/bdd_cucumber_playwright,https://github.com/iwalk-jo/bdd_cucumber_playwright,nodejs,False,True,STRONG,False,,False,,,
jadvani/cucumber-java-gradle,https://github.com/jadvani/cucumber-java-gradle,java,False,False,,False,,False,,,
jaganduraisamy/RestAssured-BDD-Java,https://github.com/jaganduraisamy/RestAssured-BDD-Java,java,False,False,,False,,False,,,
jagarzone6/appium-cucumber-parallel-template,https://github.com/jagarzone6/appium-cucumber-parallel-template,java,False,False,,False,,False,,,
jaheikki/cucumber-selenide-allure,https://github.com/jaheikki/cucumber-selenide-allure,java,False,False,,False,,False,,,
jamil2018/play-salad,https://github.com/jamil2018/play-salad,nodejs,False,True,STRONG,False,,False,,,
janexner/puppeteer-site-infrastructure-tests,https://github.com/janexner/puppeteer-site-infrastructure-tests,nodejs,False,False,,False,,False,,,
janwerremeyer/playwright-cucumber,https://github.com/janwerremeyer/playwright-cucumber,nodejs,False,True,STRONG,True,playwright.yml,True,master,,False
janyangyuan/playground-cucumber,https://github.com/janyangyuan/playground-cucumber,nodejs,False,True,STRONG,False,,False,,,
jasminnsrutter/Cucumber-Gherkin,https://github.com/jasminnsrutter/Cucumber-Gherkin,nodejs,False,False,,False,,False,,,
java-automation/java-webdriver-cucumber,https://github.com/java-automation/java-webdriver-cucumber,java,False,False,,False,,False,,,
java-automation/java-webdriver-cucumber-2021,https://github.com/java-automation/java-webdriver-cucumber-2021,java,False,False,,False,,False,,,
javicoin/cucumber-playwright-synpress,https://github.com/javicoin/cucumber-playwright-synpress,nodejs,False,True,STRONG,True,playwright.yml,True,main,,False
jcarek/cucumber-playwright,https://github.com/jcarek/cucumber-playwright,nodejs,False,True,STRONG,True,test.yml,True,master,,False
jdsmdev/cucumber-playwright,https://github.com/jdsmdev/cucumber-playwright,nodejs,False,True,STRONG,False,,False,,,
jecklgamis/cucumber-jvm-java-example,https://github.com/jecklgamis/cucumber-jvm-java-example,java,False,False,,True,build.yaml;template.yaml,True,,,
jeffnyman/playwright-cucumber,https://github.com/jeffnyman/playwright-cucumber,nodejs,False,True,STRONG,True,lint.yml;tests.yml,True,main,,False
jennymarin1989/automation-with-selenium-ts-cucumber,https://github.com/jennymarin1989/automation-with-selenium-ts-cucumber,nodejs,False,False,,False,,False,,,
jerseysu/java-cucumber-web-test,https://github.com/jerseysu/java-cucumber-web-test,java,False,False,,False,,False,,,
jhberges/cucumber-format-slf4j,https://github.com/jhberges/cucumber-format-slf4j,java,False,False,,False,,False,,,
jijojose1691/playwright_cucumberjs_demo,https://github.com/jijojose1691/playwright_cucumberjs_demo,nodejs,False,True,STRONG,False,,False,,,
jimmy-sr/playwright-cucumber-automation-framework,https://github.com/jimmy-sr/playwright-cucumber-automation-framework,nodejs,False,True,STRONG,False,,False,,,
jmelton15/PlaywrightCucumber,https://github.com/jmelton15/PlaywrightCucumber,nodejs,False,True,STRONG,False,,False,,,
joaovictorino/cleanarch-automated-tests,https://github.com/joaovictorino/cleanarch-automated-tests,java,False,False,,True,java_ci_bank.yml;java_ci_boot.yml;java_ci_quarkus.yml,True,,,
jodial92/cucumber-playwright,https://github.com/jodial92/cucumber-playwright,nodejs,False,True,STRONG,False,,False,,,
joheiss/cucumber-playwright,https://github.com/joheiss/cucumber-playwright,nodejs,False,True,STRONG,True,playwright.yml,True,main,,False
jomarnavarro/pepinazo,https://github.com/jomarnavarro/pepinazo,java,False,False,,False,,False,,,
jonny561201/VendingMachineDockerJava,https://github.com/jonny561201/VendingMachineDockerJava,java,False,False,,False,,False,,,
jorahood/cucumber-playwright,https://github.com/jorahood/cucumber-playwright,nodejs,False,True,STRONG,True,test.yml,True,master,,False
josdem/spring-boot-appium-jugoterapia,https://github.com/josdem/spring-boot-appium-jugoterapia,java,False,False,,False,,False,,,
jrobertoq/Wdio-cucumber-e2e-test,https://github.com/jrobertoq/Wdio-cucumber-e2e-test,nodejs,False,False,,False,,False,,,
jtacopt/cucumber_playwright_ts,https://github.com/jtacopt/cucumber_playwright_ts,nodejs,False,True,STRONG,False,,False,,,
juan2three/Playwright,https://github.com/juan2three/Playwright,nodejs,False,True,STRONG,True,test.yml,True,master,,False
jussaragranja/SeleniumEasyTest2,https://github.com/jussaragranja/SeleniumEasyTest2,java,False,False,,False,,False,,,
kalyangogineni/cucumber-java-xray-automation,https://github.com/kalyangogineni/cucumber-java-xray-automation,java,False,False,,False,,False,,,
kamil-nowocin/Test_Automation-automationpractice,https://github.com/kamil-nowocin/Test_Automation-automationpractice,java,False,False,,False,,False,,,
karthikautomationtester/playwright-cucumber,https://github.com/karthikautomationtester/playwright-cucumber,nodejs,True,True,MEDIUM,True,ci.yml,True,main,success,True
karus-web/cucumber1-dt-main,https://github.com/karus-web/cucumber1-dt-main,nodejs,False,False,,True,test.yml,True,,,
katekarsi/Kate-repo,https://github.com/katekarsi/Kate-repo,nodejs,False,True,STRONG,False,,False,,,
kavyashree-harsha/PlaywrightCucumber,https://github.com/kavyashree-harsha/PlaywrightCucumber,nodejs,False,True,STRONG,True,playwright.yml,True,main,,False
kelkias44/BDD_with_cucumber,https://github.com/kelkias44/BDD_with_cucumber,nodejs,False,False,,False,,False,,,
keshavjha06/SeleniumE2EProject,https://github.com/keshavjha06/SeleniumE2EProject,java,False,False,,False,,False,,,
kevbradwick/cucumber-selenium-archetype,https://github.com/kevbradwick/cucumber-selenium-archetype,java,False,False,,False,,False,,,
khaledmohsenmohammed/-Selenium-WebDriver-4-Cucumber-BDD,https://github.com/khaledmohsenmohammed/-Selenium-WebDriver-4-Cucumber-BDD,java,False,False,,False,,False,,,
kingsleyh/cucumber-jvm-example,https://github.com/kingsleyh/cucumber-jvm-example,java,False,False,,False,,False,,,
kirlionik/cucumber-allure-plugin-gradle-examples,https://github.com/kirlionik/cucumber-allure-plugin-gradle-examples,java,False,False,,False,,False,,,
kjetilk-kontali/cucumber-playwright,https://github.com/kjetilk-kontali/cucumber-playwright,nodejs,False,True,STRONG,True,node.js.yml,True,main,,False
kkalparslan/Api_Cucumber_Demoqa_Mine,https://github.com/kkalparslan/Api_Cucumber_Demoqa_Mine,java,False,False,,False,,False,,,
kmandalusa/cucumber-test,https://github.com/kmandalusa/cucumber-test,java,False,False,,False,,False,,,
kohli-harshit/leanft-cucumber-template,https://github.com/kohli-harshit/leanft-cucumber-template,java,False,False,,False,,False,,,
kowalcj0/cucumber-testng-parallel-selenium,https://github.com/kowalcj0/cucumber-testng-parallel-selenium,java,False,False,,False,,False,,,
krishnapollu/playwright-cucumber-js,https://github.com/krishnapollu/playwright-cucumber-js,nodejs,False,True,STRONG,True,ci.yml,True,main,,False
krishnaraghavendra/SpringBoot-Tapestry-cucumber-selenium-testng,https://github.com/krishnaraghavendra/SpringBoot-Tapestry-cucumber-selenium-testng,java,False,False,,False,,False,,,
kwishna/playwright-cucumber,https://github.com/kwishna/playwright-cucumber,nodejs,False,True,STRONG,False,,False,,,
lamhotsiagian/api-web-cucumber,https://github.com/lamhotsiagian/api-web-cucumber,java,False,False,,True,ci.yml;gce_ci.yml,True,,,
lankala321/PlaywrightCucumberTypescript,https://github.com/lankala321/PlaywrightCucumberTypescript,nodejs,False,True,STRONG,False,,False,,,
learn-automated-testing/cucumberjiraintegration,https://github.com/learn-automated-testing/cucumberjiraintegration,nodejs,False,True,STRONG,True,main.yml,True,main,,False
learnby23/Cucumber_Ecommerce,https://github.com/learnby23/Cucumber_Ecommerce,java,False,False,,False,,False,,,
leeonky/jfactory-cucumber,https://github.com/leeonky/jfactory-cucumber,java,False,False,,False,,False,,,
levinine/functional-tests,https://github.com/levinine/functional-tests,java,False,False,,True,dependabot-auto-merge.yml;functional-tests.yml;sanity-check.yml,True,,,
lifeisbeautifful/Cucumber,https://github.com/lifeisbeautifful/Cucumber,nodejs,False,True,STRONG,True,playwright.yml,True,master,,False
lloydchang/iso13-cucumber-playwright,https://github.com/lloydchang/iso13-cucumber-playwright,nodejs,False,True,STRONG,False,,False,,,
log2jiten24/Serenity-Cucumber-Framework,https://github.com/log2jiten24/Serenity-Cucumber-Framework,java,False,False,,True,gradle.yml;maven.yml,True,,,
luciemars/cucumber-java-selenium-webdriver-example,https://github.com/luciemars/cucumber-java-selenium-webdriver-example,java,False,False,,False,,False,,,
ludmilanesvitiy/Playwright-Cucumber-POC,https://github.com/ludmilanesvitiy/Playwright-Cucumber-POC,nodejs,False,True,STRONG,False,,False,,,
luiscarlosmarca/Selenium_Web_Automation,https://github.com/luiscarlosmarca/Selenium_Web_Automation,java,False,False,,False,,False,,,
maalben/Automatizacion-full-services-restapi-Screenplay,https://github.com/maalben/Automatizacion-full-services-restapi-Screenplay,java,False,False,,False,,False,,,
maazahmedks/Selenium-Cucumber-TestNG-using-Java,https://github.com/maazahmedks/Selenium-Cucumber-TestNG-using-Java,java,False,False,,False,,False,,,
machzqcq/CucumberJVMExamples,https://github.com/machzqcq/CucumberJVMExamples,java,False,False,,False,,False,,,
machzqcq/cucumber-jvm-template,https://github.com/machzqcq/cucumber-jvm-template,java,False,False,,False,,False,,,
machzqcq/cucumber-jvm_sample,https://github.com/machzqcq/cucumber-jvm_sample,java,False,False,,False,,False,,,
mahmudurrahman-1/WebAutomation-Rokomari,https://github.com/mahmudurrahman-1/WebAutomation-Rokomari,java,False,False,,False,,False,,,
mailtoach79/cucumberpwjts,https://github.com/mailtoach79/cucumberpwjts,nodejs,False,True,STRONG,False,,False,,,
mailtogagan/cucumber-playwright-example,https://github.com/mailtogagan/cucumber-playwright-example,nodejs,False,True,STRONG,True,test.yml,True,master,,False
mainfraame/cucumber-jest,https://github.com/mainfraame/cucumber-jest,nodejs,False,False,,False,,False,,,
makif44/selenium-junit-cucumber-project,https://github.com/makif44/selenium-junit-cucumber-project,java,False,False,,False,,False,,,
mandh-jayessh/jrmpw03,https://github.com/mandh-jayessh/jrmpw03,nodejs,False,True,STRONG,True,Scheduled.yml;pr.yml,True,main,failure,False
manoharkamarushi/restAssuredCucumber,https://github.com/manoharkamarushi/restAssuredCucumber,java,False,False,,False,,False,,,
manoj9788/Cucumber-JVM-WebDriver-Template,https://github.com/manoj9788/Cucumber-JVM-WebDriver-Template,java,False,False,,False,,False,,,
manouti/cucumber-jvm-example,https://github.com/manouti/cucumber-jvm-example,java,False,False,,False,,False,,,
manueltarouca/cucumber-playground,https://github.com/manueltarouca/cucumber-playground,nodejs,False,True,STRONG,False,,False,,,
manukippes/Selenium-Cucumber,https://github.com/manukippes/Selenium-Cucumber,java,False,False,,False,,False,,,
manv6/java-maven-spring-cucumber-selenium-allure,https://github.com/manv6/java-maven-spring-cucumber-selenium-allure,java,False,False,,False,,False,,,
marcelobitt/tau_cucumber_js_google_search,https://github.com/marcelobitt/tau_cucumber_js_google_search,nodejs,False,False,,False,,False,,,
marcelodebittencourt/JavaScript_Cucumber_TAU_ecommerce,https://github.com/marcelodebittencourt/JavaScript_Cucumber_TAU_ecommerce,nodejs,False,False,,False,,False,,,
marciovrl/selenium-cucumber-java,https://github.com/marciovrl/selenium-cucumber-java,java,False,False,,False,,False,,,
marcoturi/fastify-boilerplate,https://github.com/marcoturi/fastify-boilerplate,nodejs,False,False,,True,codeql-analysis.yml;release.yml,True,,,
marcoturi/react-redux-boilerplate,https://github.com/marcoturi/react-redux-boilerplate,nodejs,True,True,STRONG,True,codeql-analysis.yml;release.yml,True,main,success,True
mariocairone/cucumbersome,https://github.com/mariocairone/cucumbersome,java,False,False,,True,ci.yml;release.yml,False,,,
martinschneider/justtestlah,https://github.com/martinschneider/justtestlah,java,False,False,,True,build.yml;codeql.yml;integration.yml,False,,,
masadaark/ts-cucumber-playwright,https://github.com/masadaark/ts-cucumber-playwright,nodejs,False,True,MEDIUM,False,,False,,,
matheus-beck/java-cucumber-selenium-wex,https://github.com/matheus-beck/java-cucumber-selenium-wex,java,False,False,,False,,False,,,
mattiasmgn/CucumberParallel,https://github.com/mattiasmgn/CucumberParallel,java,False,False,,False,,False,,,
maxwell4real/raphaFramework,https://github.com/maxwell4real/raphaFramework,nodejs,False,False,,False,,False,,,
maxxy4real/Playwright,https://github.com/maxxy4real/Playwright,nodejs,False,True,STRONG,False,,False,,,
mayibee/protractor-cucumber,https://github.com/mayibee/protractor-cucumber,nodejs,False,False,,True,codeql-analysis.yml,False,,,
mcanererdem/Web-Driver-University-Otomations,https://github.com/mcanererdem/Web-Driver-University-Otomations,nodejs,False,True,MEDIUM,False,,False,,,
mdbasheer333/cucumberjsvanila,https://github.com/mdbasheer333/cucumberjsvanila,nodejs,False,True,STRONG,False,,False,,,
mdbasheer333/cucumberpwjts,https://github.com/mdbasheer333/cucumberpwjts,nodejs,False,True,STRONG,False,,False,,,
mdrasul/pntb3-mct-cucumber-automation,https://github.com/mdrasul/pntb3-mct-cucumber-automation,java,False,False,,False,,False,,,
mdtaque/cucumber-playwright,https://github.com/mdtaque/cucumber-playwright,nodejs,False,True,STRONG,True,test.yml,True,master,,False
mechero/spring-boot-cucumber,https://github.com/mechero/spring-boot-cucumber,java,False,False,,False,,False,,,
mehmet-simsek-pg/CucumberProject,https://github.com/mehmet-simsek-pg/CucumberProject,java,False,False,,False,,False,,,
mehmet-simsek-pg/Cucumber_project,https://github.com/mehmet-simsek-pg/Cucumber_project,java,False,False,,False,,False,,,
mehmetA58/CucumberSeleniumPracticeJenkins,https://github.com/mehmetA58/CucumberSeleniumPracticeJenkins,java,False,False,,False,,False,,,
mehmetbesli/N11CucumberProjectTA,https://github.com/mehmetbesli/N11CucumberProjectTA,java,False,False,,False,,False,,,
merkurt2001/cydeo-cucumber-junit-project,https://github.com/merkurt2001/cydeo-cucumber-junit-project,java,False,False,,False,,False,,,
mesthaharishs/Springboot-Cucumber-TestAutomationFramework,https://github.com/mesthaharishs/Springboot-Cucumber-TestAutomationFramework,java,False,False,,False,,False,,,
mfaisalkhatri/AmazonAppSample,https://github.com/mfaisalkhatri/AmazonAppSample,java,False,False,,False,,False,,,
mfamese/cucumber-playwright,https://github.com/mfamese/cucumber-playwright,nodejs,False,True,STRONG,True,playwright.yml,True,master,,False
mgandin/BDD-Clinic,https://github.com/mgandin/BDD-Clinic,java,False,False,,False,,False,,,
mhmoudalaskalany/CucumberAutomationTesting,https://github.com/mhmoudalaskalany/CucumberAutomationTesting,nodejs,False,False,,False,,False,,,
michu-ethnan/playwright-cucumber,https://github.com/michu-ethnan/playwright-cucumber,nodejs,False,True,STRONG,False,,False,,,
mikansc/cucumber-test,https://github.com/mikansc/cucumber-test,nodejs,False,False,,False,,False,,,
mikejramsey56/cucumber-testng-webdriver-automatictester,https://github.com/mikejramsey56/cucumber-testng-webdriver-automatictester,java,False,False,,False,,False,,,
mikementor/playwright-fluent-ts-cucumber7-starter,https://github.com/mikementor/playwright-fluent-ts-cucumber7-starter,nodejs,False,True,MEDIUM,True,main.yml,True,main,,False
mindstix-labs/qa-automation-accelerator,https://github.com/mindstix-labs/qa-automation-accelerator,java,False,False,,False,,False,,,
mingderwang/cucumber7-ts-starter,https://github.com/mingderwang/cucumber7-ts-starter,nodejs,False,False,,False,,False,,,
minhhoangvn/carina-cucumber-test,https://github.com/minhhoangvn/carina-cucumber-test,java,False,False,,False,,False,,,
ministryofjustice/hmpps-vsip-ui-tests,https://github.com/ministryofjustice/hmpps-vsip-ui-tests,java,False,False,,False,,False,,,
ministryofjustice/modernisation-platform-infrastructure-test,https://github.com/ministryofjustice/modernisation-platform-infrastructure-test,nodejs,False,False,,True,code-scanning.yml;format-code.yml;scorecards.yml,False,,,
mishabhi/cucumber-spring-api-automation,https://github.com/mishabhi/cucumber-spring-api-automation,java,False,False,,False,,False,,,
mnizicqa/CucumberLogin,https://github.com/mnizicqa/CucumberLogin,java,False,False,,False,,False,,,
mnizicqa/Polovni-Automobili-Selenium-testing-using-Cucumber-and-Data-Driven-Testing,https://github.com/mnizicqa/Polovni-Automobili-Selenium-testing-using-Cucumber-and-Data-Driven-Testing,java,False,False,,False,,False,,,
monogkai/playwright-cucumber,https://github.com/monogkai/playwright-cucumber,nodejs,False,True,STRONG,False,,False,,,
moonk1d/gradle_junit5_logback_cucumber_selenide_allure,https://github.com/moonk1d/gradle_junit5_logback_cucumber_selenide_allure,java,False,False,,False,,False,,,
moyu6027/spring-test-cucumber,https://github.com/moyu6027/spring-test-cucumber,java,False,False,,False,,False,,,
mpinardi/cucumber-performance,https://github.com/mpinardi/cucumber-performance,java,False,False,,False,,False,,,
mpkorstanje/cucumber-spring-boot-parallel,https://github.com/mpkorstanje/cucumber-spring-boot-parallel,java,False,False,,False,,False,,,
mpkorstanje/junit-platform-suite-demo,https://github.com/mpkorstanje/junit-platform-suite-demo,java,False,False,,False,,False,,,
mpuertao/playwright-cucumber,https://github.com/mpuertao/playwright-cucumber,nodejs,False,True,STRONG,True,test.yml,True,master,,False
mqubbaj98/Cucumber_Selenoid_1,https://github.com/mqubbaj98/Cucumber_Selenoid_1,java,False,False,,False,,False,,,
mredzmi/playwright_cucumber,https://github.com/mredzmi/playwright_cucumber,nodejs,False,True,STRONG,True,playwright.yml,True,main,,False
mrfurrypants/Test_Framework_for_Fullstack-TodoApp,https://github.com/mrfurrypants/Test_Framework_for_Fullstack-TodoApp,java,False,False,,False,,False,,,
mrwaks/cucumber-playwright,https://github.com/mrwaks/cucumber-playwright,nodejs,False,True,STRONG,True,test.yml,True,main,,False
mszeles/rest-api-automation,https://github.com/mszeles/rest-api-automation,java,False,False,,False,,False,,,
muhammet-mucahit/Java-Tutorials,https://github.com/muhammet-mucahit/Java-Tutorials,java,False,False,,False,,False,,,
muralco/pickled-cucumber,https://github.com/muralco/pickled-cucumber,nodejs,False,False,,True,ci.yml,False,,,
mustafaskyer/cucumber_playwright,https://github.com/mustafaskyer/cucumber_playwright,nodejs,False,True,STRONG,False,,False,,,
mvsaran/PlaywrightWithBDD,https://github.com/mvsaran/PlaywrightWithBDD,nodejs,False,True,STRONG,False,,False,,,
myUltraCrew/cucumber-counter,https://github.com/myUltraCrew/cucumber-counter,nodejs,False,True,STRONG,True,assigned-issues.yml,False,main,,False
mytechnotalent/JTF,https://github.com/mytechnotalent/JTF,java,False,False,,False,,False,,,
n3n/hasura-cucumber-test,https://github.com/n3n/hasura-cucumber-test,nodejs,False,False,,False,,False,,,
narasimhavuppala/bdd-cucumber-java-demos,https://github.com/narasimhavuppala/bdd-cucumber-java-demos,java,False,False,,False,,False,,,
narottamgla/selenium-bdd-cucumber,https://github.com/narottamgla/selenium-bdd-cucumber,java,False,False,,False,,False,,,
narottamgla/selenium-cucumber4-demo,https://github.com/narottamgla/selenium-cucumber4-demo,java,False,False,,False,,False,,,
nat-github/Playwright-Cucumber,https://github.com/nat-github/Playwright-Cucumber,nodejs,False,True,STRONG,True,playwright.yml,True,main,,False
natritmeyer/cucumber-jvm-dependency-injection-with-spring,https://github.com/natritmeyer/cucumber-jvm-dependency-injection-with-spring,java,False,False,,False,,False,,,
navanathjagtap/CucumberPlaywright,https://github.com/navanathjagtap/CucumberPlaywright,nodejs,False,True,STRONG,False,,False,,,
naveenanimation20/Cucumber6LatestFeatures,https://github.com/naveenanimation20/Cucumber6LatestFeatures,java,False,False,,False,,False,,,
naveenanimation20/Cucumber7.xTestNGLatestPOC,https://github.com/naveenanimation20/Cucumber7.xTestNGLatestPOC,java,False,False,,False,,False,,,
naveenanimation20/CucumberSeleniumFramework,https://github.com/naveenanimation20/CucumberSeleniumFramework,java,False,False,,False,,False,,,
naveenanimation20/LatestCucumber6WithPOM,https://github.com/naveenanimation20/LatestCucumber6WithPOM,java,False,False,,False,,False,,,
necati-ozdemir/calculator-end-to-end-test,https://github.com/necati-ozdemir/calculator-end-to-end-test,java,False,False,,False,,False,,,
neiltorrentira/PlaywrightJavaBDDMaven,https://github.com/neiltorrentira/PlaywrightJavaBDDMaven,java,False,True,MEDIUM,False,,False,,,
neiltorrentira/SeleniumCucumberMavenJava,https://github.com/neiltorrentira/SeleniumCucumberMavenJava,java,False,False,,False,,False,,,
neoworx/playwright-cucumber,https://github.com/neoworx/playwright-cucumber,nodejs,False,True,STRONG,False,,False,,,
nguyenvanduong6/playwright-with-cucumber,https://github.com/nguyenvanduong6/playwright-with-cucumber,nodejs,False,True,STRONG,True,playwright.yml,True,main,failure,False
nicolas-sicard-adeo/cucumber-example,https://github.com/nicolas-sicard-adeo/cucumber-example,nodejs,False,False,,False,,False,,,
nightwatchjs-community/cucumber-nightwatch,https://github.com/nightwatchjs-community/cucumber-nightwatch,nodejs,False,False,,True,test.yml,True,,,
nightwatchjs/cucumberjs-boilerplate,https://github.com/nightwatchjs/cucumberjs-boilerplate,nodejs,False,False,,True,build-node.yaml,True,,,
nnson0310/phptravel_cucumberjs_automation_framework,https://github.com/nnson0310/phptravel_cucumberjs_automation_framework,nodejs,False,False,,False,,False,,,
odjhey/example-setup-cucumber-with-ts,https://github.com/odjhey/example-setup-cucumber-with-ts,nodejs,False,False,,True,cucumber-tests.yml,True,,,
okamahardika/playwrigth-Cucumber,https://github.com/okamahardika/playwrigth-Cucumber,nodejs,False,True,STRONG,False,,False,,,
oliverwehrens/cucumber-jvm-demo,https://github.com/oliverwehrens/cucumber-jvm-demo,java,False,False,,False,,False,,,
omerozdemir72/Youtube-Cucumber,https://github.com/omerozdemir72/Youtube-Cucumber,java,False,False,,False,,False,,,
omniverse-labs/microservices-java-rabbitmq,https://github.com/omniverse-labs/microservices-java-rabbitmq,java,False,False,,False,,False,,,
omprakashchavan01/appium-cucumberbdd,https://github.com/omprakashchavan01/appium-cucumberbdd,java,False,False,,False,,False,,,
omprakashchavan01/appium-cucumberbdd-testng,https://github.com/omprakashchavan01/appium-cucumberbdd-testng,java,False,False,,False,,False,,,
omprakashchavan01/cucumberbdd,https://github.com/omprakashchavan01/cucumberbdd,java,False,False,,False,,False,,,
ortoniKC/Cucumber-2022-letcode,https://github.com/ortoniKC/Cucumber-2022-letcode,java,False,False,,False,,False,,,
ortoniKC/Playwright_Cucumber_TS,https://github.com/ortoniKC/Playwright_Cucumber_TS,nodejs,False,True,STRONG,True,playwright.yml,True,main,,False
osman-akdag/Amazon-Cucumber-Test-Project,https://github.com/osman-akdag/Amazon-Cucumber-Test-Project,java,False,False,,False,,False,,,
osvaldjr/easy-cucumber,https://github.com/osvaldjr/easy-cucumber,java,False,False,,False,,False,,,
ovcharski/cucumber-playwright,https://github.com/ovcharski/cucumber-playwright,nodejs,False,False,,False,,False,,,
owncloud/ios-scenario-testing,https://github.com/owncloud/ios-scenario-testing,java,False,False,,True,compile.yml,True,,,
ozgurkayaist/BDDCucumberSeleniumWebTest,https://github.com/ozgurkayaist/BDDCucumberSeleniumWebTest,java,False,False,,False,,False,,,
pactumjs/pactum-cucumber-boilerplate,https://github.com/pactumjs/pactum-cucumber-boilerplate,nodejs,False,False,,True,build.yml,True,,,
panchalpiyush29/playwrightCucumberFrmwrk,https://github.com/panchalpiyush29/playwrightCucumberFrmwrk,nodejs,False,True,STRONG,True,playwright.yml,True,main,,False
pansinm/cucumber-jest-mock-sample,https://github.com/pansinm/cucumber-jest-mock-sample,nodejs,False,False,,False,,False,,,
paragrghoshal/PLAYWRIGHT_CUCUMBER,https://github.com/paragrghoshal/PLAYWRIGHT_CUCUMBER,nodejs,False,True,STRONG,True,run-test.yml,True,main,,False
partnet/seauto-cucumber-sample,https://github.com/partnet/seauto-cucumber-sample,java,False,False,,False,,False,,,
patebija/sample-cucumber-testng,https://github.com/patebija/sample-cucumber-testng,java,False,False,,False,,False,,,
patrickhuijten/writing-product-proof-e2e-tests-with-cucumber-and-playwright,https://github.com/patrickhuijten/writing-product-proof-e2e-tests-with-cucumber-and-playwright,nodejs,False,True,STRONG,False,,False,,,
paul-chiggy/demo-e2e-testing-with-playwright-cucumber,https://github.com/paul-chiggy/demo-e2e-testing-with-playwright-cucumber,nodejs,True,True,STRONG,True,playwright.yml,True,main,success,True
pavanoltraining/CucumberSDETProject,https://github.com/pavanoltraining/CucumberSDETProject,java,False,False,,False,,False,,,
pawanuk/Playwright-cucumber,https://github.com/pawanuk/Playwright-cucumber,nodejs,False,True,STRONG,False,,False,,,
peacebytes/selenium-cucumber-java,https://github.com/peacebytes/selenium-cucumber-java,java,False,False,,False,,False,,,
peachannoy/cucumber,https://github.com/peachannoy/cucumber,nodejs,False,True,MEDIUM,False,,False,,,
pempekriting/playwright-cucumber,https://github.com/pempekriting/playwright-cucumber,java,False,True,MEDIUM,False,,False,,,
penzarmerchant/cucumber-Playwright,https://github.com/penzarmerchant/cucumber-Playwright,nodejs,False,True,STRONG,False,,False,,,
perty/bdd-kata,https://github.com/perty/bdd-kata,java,False,False,,False,,False,,,
petervw-qa/Cucumber-FTSE100-Index,https://github.com/petervw-qa/Cucumber-FTSE100-Index,java,False,False,,False,,False,,,
phasza/cucumber-wiremock-example,https://github.com/phasza/cucumber-wiremock-example,java,False,False,,True,gradle.yml,False,,,
phileti/ec-cucumber,https://github.com/phileti/ec-cucumber,nodejs,False,True,STRONG,True,test.yml,True,master,,False
phoebusliang/java-cucumber-automation,https://github.com/phoebusliang/java-cucumber-automation,java,False,False,,False,,False,,,
phystem/cucumber-allure,https://github.com/phystem/cucumber-allure,java,False,False,,False,,False,,,
pichai-t/OpenWeatherMap-RestAssured,https://github.com/pichai-t/OpenWeatherMap-RestAssured,java,False,False,,False,,False,,,
poorprogrammer/pw-cucumber,https://github.com/poorprogrammer/pw-cucumber,nodejs,False,True,STRONG,True,test.yml,True,master,,False
prachistudocu/cucumber-playwrite,https://github.com/prachistudocu/cucumber-playwrite,nodejs,False,True,STRONG,True,test.yml,True,master,,False
prasadhraghu47/playwrightFramework,https://github.com/prasadhraghu47/playwrightFramework,nodejs,False,True,STRONG,False,,False,,,
prashant-ramcharan/courgette-jvm-spring-example,https://github.com/prashant-ramcharan/courgette-jvm-spring-example,java,False,False,,False,,False,,,
predrag-popovic/AutomatedBaseExample,https://github.com/predrag-popovic/AutomatedBaseExample,java,False,False,,False,,False,,,
prit-misik/api-and-ui-automation,https://github.com/prit-misik/api-and-ui-automation,java,False,False,,False,,False,,,
priyagund/playwright-cucumber,https://github.com/priyagund/playwright-cucumber,nodejs,False,True,MEDIUM,False,,False,,,
priyankshah217/SeleniumCucumberAutomation,https://github.com/priyankshah217/SeleniumCucumberAutomation,java,False,False,,False,,False,,,
prnbtr09/bdd-cucumber,https://github.com/prnbtr09/bdd-cucumber,java,False,False,,False,,False,,,
propardhu/Cucumber_Selenium_POC,https://github.com/propardhu/Cucumber_Selenium_POC,java,False,False,,False,,False,,,
protractor-cucumber-framework/protractor-cucumber-framework,https://github.com/protractor-cucumber-framework/protractor-cucumber-framework,nodejs,False,False,,True,build-and-release.yml,True,,,
ptech/cucumber-playwright-workshop,https://github.com/ptech/cucumber-playwright-workshop,nodejs,False,True,STRONG,False,,False,,,
ptschool/PrimetechCucumberFramework,https://github.com/ptschool/PrimetechCucumberFramework,java,False,False,,False,,False,,,
punyam/playwright-cucumber,https://github.com/punyam/playwright-cucumber,nodejs,False,True,STRONG,False,,False,,,
qa-ali/playwright-cucumber,https://github.com/qa-ali/playwright-cucumber,nodejs,False,True,STRONG,True,playwright.yml,True,main,,False
qaPaschalE/playwright-cucumber-ts-steps,https://github.com/qaPaschalE/playwright-cucumber-ts-steps,nodejs,True,True,MEDIUM,True,build.yml;doc.yml;release-please.yml,True,main,success,True
qaa-demo/cucumber-selenium-js,https://github.com/qaa-demo/cucumber-selenium-js,nodejs,False,False,,False,,False,,,
qaf-tm/qaf-cucumber,https://github.com/qaf-tm/qaf-cucumber,java,False,False,,True,ant.yml,False,,,
qase-tms/qase-cucumberjs,https://github.com/qase-tms/qase-cucumberjs,nodejs,False,False,,True,npm.yml,True,,,
qateksolutions/albany-cucumber,https://github.com/qateksolutions/albany-cucumber,java,False,False,,False,,False,,,
qavajs/console-formatter,https://github.com/qavajs/console-formatter,nodejs,False,False,,True,codeql.yml;npm-publish.yml,False,,,
qavajs/cypress-runner-adapter,https://github.com/qavajs/cypress-runner-adapter,nodejs,False,False,,True,codeql.yml;npm-publish.yml;pull-request.yml,True,,,
qavajs/html-formatter,https://github.com/qavajs/html-formatter,nodejs,False,False,,True,codeql.yml;npm-publish.yml;pull-request.yml,True,,,
qpcio/cucumberExample,https://github.com/qpcio/cucumberExample,java,False,False,,False,,False,,,
quarkiverse/quarkus-cucumber,https://github.com/quarkiverse/quarkus-cucumber,java,False,False,,True,build.yml;pre-release.yml;quarkus-snapshot.yaml;release-perform.yml;release-prepare.yml,True,,,
qza/bdd-cucumber-jvm-spring,https://github.com/qza/bdd-cucumber-jvm-spring,java,False,False,,False,,False,,,
racchouhan12/AppiumAutomation,https://github.com/racchouhan12/AppiumAutomation,java,False,False,,False,,False,,,
racchouhan12/SeleniumCucumber5,https://github.com/racchouhan12/SeleniumCucumber5,java,False,False,,False,,False,,,
radu-ghetu/selenium-java-demo,https://github.com/radu-ghetu/selenium-java-demo,java,False,False,,False,,False,,,
rafo18/Playwright-cucumber,https://github.com/rafo18/Playwright-cucumber,nodejs,False,True,STRONG,False,,False,,,
rahulrathore44/SeleniumWebdriverWithCucumber-io,https://github.com/rahulrathore44/SeleniumWebdriverWithCucumber-io,java,False,False,,False,,False,,,
rajatt95/MasterAppiumFramework_BDD,https://github.com/rajatt95/MasterAppiumFramework_BDD,java,False,False,,False,,False,,,
rajatt95/MasterSeleniumFramework_BDD,https://github.com/rajatt95/MasterSeleniumFramework_BDD,java,False,False,,False,,False,,,
rajesha2016/cucumber-jvm-masterthought-reporting,https://github.com/rajesha2016/cucumber-jvm-masterthought-reporting,java,False,False,,False,,False,,,
rakeshmishra36/CucumberBDD,https://github.com/rakeshmishra36/CucumberBDD,java,False,False,,False,,False,,,
ralphkjones/CucumberSikuliSlides,https://github.com/ralphkjones/CucumberSikuliSlides,java,False,False,,False,,False,,,
rama-kaushu2526/Playwright-Cucumber,https://github.com/rama-kaushu2526/Playwright-Cucumber,nodejs,False,True,STRONG,True,test.yml,True,master,,False
ranjani-tech/playwright-cucumber-api-test,https://github.com/ranjani-tech/playwright-cucumber-api-test,nodejs,False,True,STRONG,True,push.yml,True,main,,False
rapaul/cukejvm-spike,https://github.com/rapaul/cukejvm-spike,java,False,False,,False,,False,,,
raptatinha/blog-playwright-bdd,https://github.com/raptatinha/blog-playwright-bdd,nodejs,False,True,STRONG,False,,False,,,
ratnesh85/cucumber-playwright-typescript,https://github.com/ratnesh85/cucumber-playwright-typescript,nodejs,False,True,STRONG,False,,False,,,
ravichandra/playwright_cucumber,https://github.com/ravichandra/playwright_cucumber,nodejs,False,True,STRONG,False,,False,,,
raynanmiranda/Automation_CucumberTest_BDD_Java,https://github.com/raynanmiranda/Automation_CucumberTest_BDD_Java,java,False,False,,False,,False,,,
razvanccr/playwright-cucumber,https://github.com/razvanccr/playwright-cucumber,nodejs,False,True,STRONG,True,playwright.yml,True,main,,False
rbiedrawa/spring-boot-acceptanceTests-cucumber-demo,https://github.com/rbiedrawa/spring-boot-acceptanceTests-cucumber-demo,java,False,False,,False,,False,,,
rdammkoehler/CucumberJVM-Demo,https://github.com/rdammkoehler/CucumberJVM-Demo,java,False,False,,False,,False,,,
rdlopes/demo-cucumber-junit5,https://github.com/rdlopes/demo-cucumber-junit5,java,False,False,,True,maven.yml,False,,,
regi-gouale/cucumber-playwright,https://github.com/regi-gouale/cucumber-playwright,nodejs,False,True,STRONG,True,github-actions.yml,True,main,,False
reizero00/playwright-cucumber,https://github.com/reizero00/playwright-cucumber,nodejs,False,True,STRONG,True,playwright.yml,True,main,,False
renapyron/warrens-cucumber,https://github.com/renapyron/warrens-cucumber,nodejs,False,False,,False,,False,,,
renuka2593/selenium_cucumber_framework,https://github.com/renuka2593/selenium_cucumber_framework,java,False,False,,True,maven.yml,True,,,
reportportal/agent-java-cucumber,https://github.com/reportportal/agent-java-cucumber,java,False,False,,True,ci.yml;promote.yml;release.yml,False,,,
reportportal/agent-java-cucumber4,https://github.com/reportportal/agent-java-cucumber4,java,False,False,,True,ci.yml;promote.yml;release.yml,False,,,
reportportal/agent-java-cucumber6,https://github.com/reportportal/agent-java-cucumber6,java,False,False,,True,ci.yml;maven-publish.yml;release.yml,False,,,
reportportal/example-cucumber-junit-selenium-logback-maven,https://github.com/reportportal/example-cucumber-junit-selenium-logback-maven,java,False,False,,False,,False,,,
reportportal/examples-java,https://github.com/reportportal/examples-java,java,False,False,,True,ci.yml;qg-example.yml,True,,,
rftbtr/Magento-Project-With-Cucumber,https://github.com/rftbtr/Magento-Project-With-Cucumber,java,False,False,,False,,False,,,
rftbtr/ParaBANK-Project-With-Cucumber,https://github.com/rftbtr/ParaBANK-Project-With-Cucumber,java,False,False,,False,,False,,,
rickdgeerling/nest-cucumber,https://github.com/rickdgeerling/nest-cucumber,nodejs,False,False,,True,ci.yaml,True,,,
ridha-boulares/cucumberjs,https://github.com/ridha-boulares/cucumberjs,nodejs,False,False,,True,build.yaml;release-github.yaml;release-npm-latest.yaml;release-npm-next.yaml;stale.yaml,True,,,
riteshGM/SerenityCucumberRestAssured,https://github.com/riteshGM/SerenityCucumberRestAssured,java,False,False,,False,,False,,,
rkidd123/cucumber-playwright,https://github.com/rkidd123/cucumber-playwright,nodejs,False,True,STRONG,True,test.yml,True,master,,False
rlhardrock/Playwright-Cucumber,https://github.com/rlhardrock/Playwright-Cucumber,nodejs,False,True,STRONG,False,,False,,,
rlupo06/java-cucumber-selenium,https://github.com/rlupo06/java-cucumber-selenium,java,False,False,,False,,False,,,
rmpestano/cukedoctor,https://github.com/rmpestano/cukedoctor,java,False,False,,True,ci.yml,True,,,
roddy/drools-and-cucumber,https://github.com/roddy/drools-and-cucumber,java,False,False,,False,,False,,,
rogercopy/playwright-cucumber-TS-automation,https://github.com/rogercopy/playwright-cucumber-TS-automation,nodejs,True,True,STRONG,True,e2e-test.yml,True,master,success,True
rojhatzengin/RestAssuredWithCucumber,https://github.com/rojhatzengin/RestAssuredWithCucumber,java,False,False,,False,,False,,,
romasecure84/CucumberFrameworkDersleri,https://github.com/romasecure84/CucumberFrameworkDersleri,java,False,False,,False,,False,,,
romasecure84/CucumberLessons,https://github.com/romasecure84/CucumberLessons,java,False,False,,False,,False,,,
rsksmart/e2e_dapps_automation,https://github.com/rsksmart/e2e_dapps_automation,nodejs,True,True,STRONG,True,playwright.yml,True,main,success,True
rsmivb/cucumber-js-tutorial,https://github.com/rsmivb/cucumber-js-tutorial,nodejs,False,False,,False,,False,,,
rubenjgarcia/cucumber-rest-steps,https://github.com/rubenjgarcia/cucumber-rest-steps,java,False,False,,False,,False,,,
rudyaditya/cucumberAllureSample,https://github.com/rudyaditya/cucumberAllureSample,nodejs,False,False,,False,,False,,,
rusakovichma/dvwa-bdd-security,https://github.com/rusakovichma/dvwa-bdd-security,java,False,False,,False,,False,,,
s-santhoshkumar-sabarinathan/Automation,https://github.com/s-santhoshkumar-sabarinathan/Automation,nodejs,False,False,,False,,False,,,
sachin-s-joshi/wdio-tests,https://github.com/sachin-s-joshi/wdio-tests,nodejs,False,False,,False,,False,,,
safegade/toBeDeleted2,https://github.com/safegade/toBeDeleted2,java,False,False,,False,,False,,,
sahajamit/cucumber-jvm-testng-integration,https://github.com/sahajamit/cucumber-jvm-testng-integration,java,False,False,,False,,False,,,
saitam91/UI-Test-Amazon-Java-Cucumber-Selenium,https://github.com/saitam91/UI-Test-Amazon-Java-Cucumber-Selenium,java,False,False,,False,,False,,,
sampath04141/BDDSampleProject,https://github.com/sampath04141/BDDSampleProject,java,False,False,,False,,False,,,
sandipchitale/cucumber-playwright,https://github.com/sandipchitale/cucumber-playwright,nodejs,False,True,STRONG,False,,False,,,
sandipchopkar95/Typescript_Playwright_BDD_CucumberRunner,https://github.com/sandipchopkar95/Typescript_Playwright_BDD_CucumberRunner,nodejs,False,True,STRONG,True,main.yml,True,main,,False
sandrajaimes/boilerplate-selenium-webdriver-cucumber,https://github.com/sandrajaimes/boilerplate-selenium-webdriver-cucumber,nodejs,False,False,,False,,False,,,
sandrocaseiro/java-spring-api,https://github.com/sandrocaseiro/java-spring-api,java,False,False,,False,,False,,,
sanketparopate/cucumber-jvm-parallel-features-plugin,https://github.com/sanketparopate/cucumber-jvm-parallel-features-plugin,java,False,False,,False,,False,,,
santoshbachar/cucumber-playwright,https://github.com/santoshbachar/cucumber-playwright,nodejs,False,True,STRONG,True,test.yml,True,master,,False
santoshkulkarni1986/playwright-cucumber-typescript-automation-framework,https://github.com/santoshkulkarni1986/playwright-cucumber-typescript-automation-framework,nodejs,True,True,STRONG,True,playwright.yml,True,main,success,True
satchid/playwright-cucumber,https://github.com/satchid/playwright-cucumber,nodejs,False,True,STRONG,False,,False,,,
sauce-archives/Java-CucumberJVM-JUnit-Selenium,https://github.com/sauce-archives/Java-CucumberJVM-JUnit-Selenium,java,False,False,,False,,False,,,
savkk/cucumber-junit5-example,https://github.com/savkk/cucumber-junit5-example,java,False,False,,False,,False,,,
savula52/cucumberpractice,https://github.com/savula52/cucumberpractice,nodejs,False,False,,False,,False,,,
sb-y-nakashima/typescript-cucumber-bdd-demo,https://github.com/sb-y-nakashima/typescript-cucumber-bdd-demo,nodejs,False,False,,False,,False,,,
scormaq/cucumber4-parallel-logger,https://github.com/scormaq/cucumber4-parallel-logger,java,False,False,,False,,False,,,
scormaq/gradle-serenity-cucumber-forking,https://github.com/scormaq/gradle-serenity-cucumber-forking,java,False,False,,False,,False,,,
sd576/Playwright_Cucumber,https://github.com/sd576/Playwright_Cucumber,nodejs,False,True,STRONG,True,npm-publish.yml,True,main,,False
sdetAutomation/cucumber-selenium-java,https://github.com/sdetAutomation/cucumber-selenium-java,java,False,False,,True,maven.yml,False,,,
seanfrenzel/java-gradle-selenium-cucumber-parallel-skeleton,https://github.com/seanfrenzel/java-gradle-selenium-cucumber-parallel-skeleton,java,False,False,,False,,False,,,
seanfrenzel/java-selenium-cucumber-appium-skeleton,https://github.com/seanfrenzel/java-selenium-cucumber-appium-skeleton,java,False,False,,False,,False,,,
sebaslogen/CleanGUITestArchitecture,https://github.com/sebaslogen/CleanGUITestArchitecture,java,False,False,,False,,False,,,
seenav001/cucumberPlaywright,https://github.com/seenav001/cucumberPlaywright,nodejs,False,True,STRONG,False,,False,,,
selcukes/selcukes-java,https://github.com/selcukes/selcukes-java,java,False,False,,True,build.yml;codeql-analysis.yml;codesee-arch-diagram.yml,False,,,
selcukes/selcukes-java-skeleton,https://github.com/selcukes/selcukes-java-skeleton,java,False,False,,True,gradle.yml,True,,,
selenide-examples/cucumber,https://github.com/selenide-examples/cucumber,java,False,False,,True,build.yml,True,,,
semihcaglarr/Trendyol_Selenium_Cucumber_Task,https://github.com/semihcaglarr/Trendyol_Selenium_Cucumber_Task,java,False,False,,False,,False,,,
serenity-bdd/serenity-cucumber,https://github.com/serenity-bdd/serenity-cucumber,java,False,False,,False,,False,,,
serenity-bdd/serenity-cucumber-page-objects-starter,https://github.com/serenity-bdd/serenity-cucumber-page-objects-starter,java,False,False,,True,gradle.yml;living-documentation.yml;maven.yml,True,,,
serenity-bdd/serenity-cucumber-starter,https://github.com/serenity-bdd/serenity-cucumber-starter,java,False,False,,True,gradle.yml;living-documentation.yml;maven.yml,True,,,
serenity-bdd/serenity-cucumber4,https://github.com/serenity-bdd/serenity-cucumber4,java,False,False,,True,gradle.yml,True,,,
serenity-bdd/serenity-cucumber4-starter,https://github.com/serenity-bdd/serenity-cucumber4-starter,java,False,False,,True,gradle.yml;maven.yml,True,,,
serenity-bdd/serenity-cucumber5,https://github.com/serenity-bdd/serenity-cucumber5,java,False,False,,True,gradle.yml,True,,,
serenity-bdd/serenity-cucumber5-starter,https://github.com/serenity-bdd/serenity-cucumber5-starter,java,False,False,,False,,False,,,
serenity-bdd/serenity-cucumber6,https://github.com/serenity-bdd/serenity-cucumber6,java,False,False,,True,core-release.yml;gradle.yml;patch-release.yml,True,,,
serenity-dojo/caffeinate-me,https://github.com/serenity-dojo/caffeinate-me,java,False,False,,False,,False,,,
serenity-dojo/swaglabs-serenity-cucumber,https://github.com/serenity-dojo/swaglabs-serenity-cucumber,java,False,False,,True,gradle.yml;living-documentation.yml;local_chrome.yml;maven.yml;remote.yml,True,,,
serenity-js/protractor-cucumber-framework-demo,https://github.com/serenity-js/protractor-cucumber-framework-demo,nodejs,False,False,,True,build.yml,True,,,
serenity-js/serenity-js-cucumber-playwright-template,https://github.com/serenity-js/serenity-js-cucumber-playwright-template,nodejs,False,True,STRONG,True,main.yml,True,main,failure,False
serenity-js/serenity-js-cucumber-protractor-template,https://github.com/serenity-js/serenity-js-cucumber-protractor-template,nodejs,False,False,,True,build.yml,True,,,
serenity-js/serenity-js-cucumber-template,https://github.com/serenity-js/serenity-js-cucumber-template,nodejs,False,False,,True,build.yml,True,,,
serenity-js/serenity-js-cucumber-webdriverio-template,https://github.com/serenity-js/serenity-js-cucumber-webdriverio-template,nodejs,False,False,,True,main.yml,True,,,
sethisandeepsethi/pw-cucumber,https://github.com/sethisandeepsethi/pw-cucumber,nodejs,False,True,STRONG,False,,False,,,
shah2466/cucumber-playwrightTemplate,https://github.com/shah2466/cucumber-playwrightTemplate,nodejs,False,True,STRONG,True,test.yml,True,master,,False
shahbaz844/Playwright-cucumber,https://github.com/shahbaz844/Playwright-cucumber,nodejs,False,True,STRONG,True,build.yml,True,main,failure,False
shahbaz844/Selenium-cucumber-with-typescript,https://github.com/shahbaz844/Selenium-cucumber-with-typescript,nodejs,False,False,,False,,False,,,
shahnawazm786/DemoCucumber,https://github.com/shahnawazm786/DemoCucumber,java,False,False,,False,,False,,,
shaikuba/bdd-cucumber-examples,https://github.com/shaikuba/bdd-cucumber-examples,java,False,False,,False,,False,,,
shankar1303/Typescript-Cucumber,https://github.com/shankar1303/Typescript-Cucumber,nodejs,False,False,,False,,False,,,
shankybnl/selenium_BDD_framework,https://github.com/shankybnl/selenium_BDD_framework,java,False,False,,False,,False,,,
sharful-umair/API-Automation,https://github.com/sharful-umair/API-Automation,java,False,False,,False,,False,,,
shashanksharmaer104/letcode-playwright-ts-cucumber,https://github.com/shashanksharmaer104/letcode-playwright-ts-cucumber,nodejs,False,True,STRONG,True,playwright.yml,True,master,,False
sherar/serenity-webdriver-cucumber-google,https://github.com/sherar/serenity-webdriver-cucumber-google,java,False,False,,False,,False,,,
shettysudhird/scrambler-ui-test,https://github.com/shettysudhird/scrambler-ui-test,nodejs,False,True,STRONG,False,,False,,,
shijithkannoth/Playwright_Cucumber,https://github.com/shijithkannoth/Playwright_Cucumber,nodejs,False,True,STRONG,False,,False,,,
shivakiran1990/selenium-cucumber-typescript,https://github.com/shivakiran1990/selenium-cucumber-typescript,nodejs,False,False,,False,,False,,,
shivam201/Cucumber_Maven_Java,https://github.com/shivam201/Cucumber_Maven_Java,java,False,False,,False,,False,,,
shivaprakashpokala/CucumberFramework,https://github.com/shivaprakashpokala/CucumberFramework,java,False,False,,False,,False,,,
shoomakov/allure-cucumberjs,https://github.com/shoomakov/allure-cucumberjs,nodejs,False,False,,False,,False,,,
shreyas18jan/CucumberFrameworkExample,https://github.com/shreyas18jan/CucumberFrameworkExample,java,False,False,,False,,False,,,
shrinidhimanchi/cucumber-api-automation,https://github.com/shrinidhimanchi/cucumber-api-automation,nodejs,False,False,,False,,False,,,
shrinidhimanchi/cucumber-playwright-automation,https://github.com/shrinidhimanchi/cucumber-playwright-automation,nodejs,False,True,STRONG,False,,False,,,
shukrani/Cucumber-Java-Extent-Example,https://github.com/shukrani/Cucumber-Java-Extent-Example,java,False,False,,False,,False,,,
silicona/api-cucumber,https://github.com/silicona/api-cucumber,nodejs,False,False,,False,,False,,,
sitture/cucumber-jvm-extentreport,https://github.com/sitture/cucumber-jvm-extentreport,java,False,False,,False,,False,,,
sivanarayananv/my_first_cucumber_playwright_repo,https://github.com/sivanarayananv/my_first_cucumber_playwright_repo,nodejs,False,True,STRONG,True,test.yml,True,master,,False
sncsrivalli/CucumberWCSA3,https://github.com/sncsrivalli/CucumberWCSA3,java,False,False,,False,,False,,,
sneufeind/hexagonal-architecture-example-java,https://github.com/sneufeind/hexagonal-architecture-example-java,java,False,False,,False,,False,,,
snlopezlopez/playwright-cucumber,https://github.com/snlopezlopez/playwright-cucumber,nodejs,False,True,STRONG,True,playwright.yml,True,main,,False
software-testing-bootcamp/java-appium-cucumber-ios,https://github.com/software-testing-bootcamp/java-appium-cucumber-ios,java,False,False,,False,,False,,,
sonalika03/Cucumber_Skeleton,https://github.com/sonalika03/Cucumber_Skeleton,java,False,False,,False,,False,,,
soni26pro/Playwright-CucumberJS-Automation,https://github.com/soni26pro/Playwright-CucumberJS-Automation,nodejs,False,True,STRONG,False,,False,,,
sonnymills/java-cucumber-training,https://github.com/sonnymills/java-cucumber-training,java,False,False,,False,,False,,,
sorin-costea/bdd,https://github.com/sorin-costea/bdd,java,False,False,,False,,False,,,
sorosz89/cucumber-vscode-support,https://github.com/sorosz89/cucumber-vscode-support,nodejs,False,False,,False,,False,,,
sreenigsd/cheetah,https://github.com/sreenigsd/cheetah,java,False,False,,False,,False,,,
sridharbandi/Selenium-Cucumber-Junit-Template,https://github.com/sridharbandi/Selenium-Cucumber-Junit-Template,java,False,False,,False,,False,,,
sridharbandi/cucumber-dt,https://github.com/sridharbandi/cucumber-dt,nodejs,False,False,,True,test.yml,True,,,
sridharbandi/playwright-cucumber,https://github.com/sridharbandi/playwright-cucumber,nodejs,False,True,STRONG,True,cucumber.yml,True,main,,False
srinivasguda4444-wq/playwright-cucumber,https://github.com/srinivasguda4444-wq/playwright-cucumber,nodejs,True,True,STRONG,True,playwright.yml,True,master,success,True
sritaj/Automation_FW_API_RestAssured,https://github.com/sritaj/Automation_FW_API_RestAssured,java,False,False,,False,,False,,,
sseenivasan89/Cucumber4-With-POM,https://github.com/sseenivasan89/Cucumber4-With-POM,java,False,False,,False,,False,,,
stadnik602/MavenCucumberSelenideJunit,https://github.com/stadnik602/MavenCucumberSelenideJunit,java,False,False,,False,,False,,,
steerpike100/cucumber-playwright,https://github.com/steerpike100/cucumber-playwright,nodejs,False,True,STRONG,True,test.yml,True,master,,False
steven-the-qa/cucumber-playwright,https://github.com/steven-the-qa/cucumber-playwright,nodejs,False,True,STRONG,True,test.yml,True,master,,False
suciista/allure-cucumber-testng,https://github.com/suciista/allure-cucumber-testng,java,False,False,,False,,False,,,
sunil-samuel/BRMS-Rules-KJar,https://github.com/sunil-samuel/BRMS-Rules-KJar,java,False,False,,False,,False,,,
survepravin/blazestore-qa-web-test,https://github.com/survepravin/blazestore-qa-web-test,java,False,False,,True,maven.yml,True,,,
survepravin/petstore-qa-api-test,https://github.com/survepravin/petstore-qa-api-test,java,False,False,,True,maven.yml,True,,,
susnigdha1/PlaywrightTestAutomationFramework,https://github.com/susnigdha1/PlaywrightTestAutomationFramework,java,False,True,STRONG,False,,False,,,
swapnil358/Playwright-cucumber-allure,https://github.com/swapnil358/Playwright-cucumber-allure,nodejs,False,True,STRONG,True,test.yml,True,master,,False
swatz18/BlissPads_Automation,https://github.com/swatz18/BlissPads_Automation,java,False,False,,False,,False,,,
swetha-jb/cucumber-test,https://github.com/swetha-jb/cucumber-test,nodejs,False,False,,False,,False,,,
taulinger/bdd-play,https://github.com/taulinger/bdd-play,java,False,True,STRONG,False,,False,,,
tdbaoquyen/SGW_Cucumber,https://github.com/tdbaoquyen/SGW_Cucumber,nodejs,False,True,STRONG,False,,False,,,
technocreatives/cool-cucumber,https://github.com/technocreatives/cool-cucumber,nodejs,False,False,,True,ci.yaml,True,,,
tekinahmet/team03_cucumberProject,https://github.com/tekinahmet/team03_cucumberProject,java,False,False,,False,,False,,,
telekom/bdd-web-app,https://github.com/telekom/bdd-web-app,java,False,False,,False,,False,,,
telekom/testerra-cucumber-connector,https://github.com/telekom/testerra-cucumber-connector,java,False,False,,False,,False,,,
temyers/cucumber-jvm-parallel-plugin,https://github.com/temyers/cucumber-jvm-parallel-plugin,java,False,False,,False,,False,,,
teosoph/cypress-cucumber___telnyx.com,https://github.com/teosoph/cypress-cucumber___telnyx.com,nodejs,False,False,,True,main.yml,False,,,
terencetcf/cucumberjs-typescript-example,https://github.com/terencetcf/cucumberjs-typescript-example,nodejs,False,False,,True,codeql-analysis.yml;unit-test.yml,True,,,
terletski/okNotesPW,https://github.com/terletski/okNotesPW,nodejs,False,True,STRONG,True,playwright.yml,True,main,,False
testerncoder/e2e-automation-playwright-typescript-cucumber,https://github.com/testerncoder/e2e-automation-playwright-typescript-cucumber,nodejs,False,True,STRONG,False,,False,,,
testomatio/check-cucumber,https://github.com/testomatio/check-cucumber,nodejs,False,False,,True,auto-publishing-on-release.yml;main.yml;publish-beta.yml;publish.yml,True,,,
the-creative-tester/rest-assured-api-testing-example,https://github.com/the-creative-tester/rest-assured-api-testing-example,java,False,False,,False,,False,,,
the-imraaan/Cucumber_with_Playwright,https://github.com/the-imraaan/Cucumber_with_Playwright,nodejs,False,True,STRONG,True,playwright.yml,True,main,,False
the-sdet/appium-cucumber-junit4-mobile-automation-framework,https://github.com/the-sdet/appium-cucumber-junit4-mobile-automation-framework,java,False,False,,False,,False,,,
the-sdet/appium-cucumber-junit5-mobile-automation-framework,https://github.com/the-sdet/appium-cucumber-junit5-mobile-automation-framework,java,False,False,,False,,False,,,
thePantz/serenitybdd-cucumber-multidevice,https://github.com/thePantz/serenitybdd-cucumber-multidevice,java,False,False,,False,,False,,,
thevarselvakumar/Cucumber-Framework,https://github.com/thevarselvakumar/Cucumber-Framework,java,False,False,,False,,False,,,
thinessGit/apicucumbertest,https://github.com/thinessGit/apicucumbertest,nodejs,False,False,,False,,False,,,
thucydides-webtests/thucydides-cucumber,https://github.com/thucydides-webtests/thucydides-cucumber,java,False,False,,False,,False,,,
tigran201198/learnit_cucumber_bdd,https://github.com/tigran201198/learnit_cucumber_bdd,java,False,False,,False,,False,,,
tim-yao/cucumber-nightwatch,https://github.com/tim-yao/cucumber-nightwatch,nodejs,False,False,,True,npm-publish.yml;test.yml,True,,,
timjroberts/cucumber-js-tsflow,https://github.com/timjroberts/cucumber-js-tsflow,nodejs,False,False,,True,ci.yml;release.yml;stale.yml,True,,,
tkgregory/cucumber-multi-launcher,https://github.com/tkgregory/cucumber-multi-launcher,java,False,False,,True,gradle.yml;update-gradle-wrapper.yml,True,,,
tlm2c09/Selenium-Using-Java-And-Cucumber,https://github.com/tlm2c09/Selenium-Using-Java-And-Cucumber,java,False,False,,False,,False,,,
tolgonais/CucumberStudyMate,https://github.com/tolgonais/CucumberStudyMate,java,False,False,,False,,False,,,
tomasz-wilk/SeleniumCucumberGuice,https://github.com/tomasz-wilk/SeleniumCucumberGuice,java,False,False,,False,,False,,,
tonux/cucumber-spring-boot,https://github.com/tonux/cucumber-spring-boot,java,False,False,,False,,False,,,
tranvannhatnam97/PlaywrightCucumber,https://github.com/tranvannhatnam97/PlaywrightCucumber,nodejs,False,False,,False,,False,,,
tristanmccarthy/Cucumber-JVM-Parallel,https://github.com/tristanmccarthy/Cucumber-JVM-Parallel,java,False,False,,False,,False,,,
trivago/cucable-plugin,https://github.com/trivago/cucable-plugin,java,False,False,,True,release.yml;unit-tests.yml,False,,,
trungkien681989/cucumber-bdd,https://github.com/trungkien681989/cucumber-bdd,nodejs,False,False,,False,,False,,,
trungkien681989/cypress-v9-cucumber-preprocessor,https://github.com/trungkien681989/cypress-v9-cucumber-preprocessor,nodejs,False,False,,False,,False,,,
tsundberg/cucumber-examples,https://github.com/tsundberg/cucumber-examples,java,False,False,,False,,False,,,
tuananhkl/FirstAutomationTest,https://github.com/tuananhkl/FirstAutomationTest,nodejs,False,True,STRONG,False,,False,,,
tuantran6698/Cucumber,https://github.com/tuantran6698/Cucumber,java,False,False,,False,,False,,,
tugceakyol1/AcibademProject,https://github.com/tugceakyol1/AcibademProject,java,False,False,,False,,False,,,
tullahnazari/cucumber-playwright,https://github.com/tullahnazari/cucumber-playwright,nodejs,False,True,STRONG,True,test.yml,True,main,,False
tvarchive/AppiumCucumberDemo,https://github.com/tvarchive/AppiumCucumberDemo,java,False,False,,False,,False,,,
tychobrailleur/cucumber-jvm-examples,https://github.com/tychobrailleur/cucumber-jvm-examples,java,False,False,,False,,False,,,
uaka/TestTaskForVention,https://github.com/uaka/TestTaskForVention,nodejs,False,True,STRONG,False,,False,,,
ugepriyokusumo/Playwright_Cucumber_Typescript,https://github.com/ugepriyokusumo/Playwright_Cucumber_Typescript,nodejs,False,True,STRONG,True,playwright.yml,True,master,,False
ukrvassabi/serenity-bdd-test,https://github.com/ukrvassabi/serenity-bdd-test,java,False,False,,False,,False,,,
umangbhatia786/Selenium,https://github.com/umangbhatia786/Selenium,java,False,False,,False,,False,,,
underc0delabs/Autoc0de-Hybrid,https://github.com/underc0delabs/Autoc0de-Hybrid,java,False,True,STRONG,True,Tests.yml,True,main,,False
underc0delabs/Autoc0de-WEB,https://github.com/underc0delabs/Autoc0de-WEB,java,False,False,,False,,False,,,
underc0delabs/Autoc0de-Web-Playwrigth,https://github.com/underc0delabs/Autoc0de-Web-Playwrigth,java,False,True,MEDIUM,True,Tests.yml,True,master,,False
underc0delabs/Autoc0de-Web-Playwrigth-TestNG,https://github.com/underc0delabs/Autoc0de-Web-Playwrigth-TestNG,java,False,True,STRONG,True,Tests.yml,True,main,,False
unexist/showcase-acceptance-testing-quarkus,https://github.com/unexist/showcase-acceptance-testing-quarkus,java,False,False,,False,,False,,,
uo9qsuf/cucumber-test,https://github.com/uo9qsuf/cucumber-test,nodejs,False,False,,False,,False,,,
upex-galaxy/playwright-cucumber,https://github.com/upex-galaxy/playwright-cucumber,nodejs,False,True,STRONG,True,test.yml,True,QA,,False
upex-galaxy/seleniumjava-template-gx,https://github.com/upex-galaxy/seleniumjava-template-gx,java,False,False,,True,regression.yml;sanity.yml;sanityEly.yml;sanityEri.yml;sanityYelena.yml;tutorial.yml,True,,,
upgundecha/jagacy-cucumber-bdd-example,https://github.com/upgundecha/jagacy-cucumber-bdd-example,java,False,False,,False,,False,,,
vaidasian/playwright-cucumberjs,https://github.com/vaidasian/playwright-cucumberjs,nodejs,True,True,MEDIUM,True,e2e-test.yml,True,main,success,True
vamsidarbhamulla/cucumber-testng-rest-assured,https://github.com/vamsidarbhamulla/cucumber-testng-rest-assured,java,False,False,,False,,False,,,
vamsidarbhamulla/serenity-cucumber-bdd-screenplay,https://github.com/vamsidarbhamulla/serenity-cucumber-bdd-screenplay,java,False,False,,False,,False,,,
vana84/CucumberWebPlaywright,https://github.com/vana84/CucumberWebPlaywright,nodejs,False,True,STRONG,False,,False,,,
veepee-oss/gingerspec,https://github.com/veepee-oss/gingerspec,java,False,False,,True,maven-build.yml;maven-publish.yml,True,,,
veeresh-bikkaneti/cucumberBDDParallel,https://github.com/veeresh-bikkaneti/cucumberBDDParallel,java,False,False,,True,ci.yml,False,,,
vetalredrok/wdion-cucumber,https://github.com/vetalredrok/wdion-cucumber,nodejs,False,False,,False,,False,,,
vibssingh/AllureReport_Cucumber_JUnit4,https://github.com/vibssingh/AllureReport_Cucumber_JUnit4,java,False,False,,False,,False,,,
vibssingh/Page-Object-Model-with-Cucumber-Selenium-and-TestNG,https://github.com/vibssingh/Page-Object-Model-with-Cucumber-Selenium-and-TestNG,java,False,False,,False,,False,,,
victorvijay1210/Playwright_Cucumber_TS,https://github.com/victorvijay1210/Playwright_Cucumber_TS,nodejs,False,True,STRONG,False,,False,,,
vigneshonlinetutor/TestTribe_Playwright_Cucumber_Workshop_Aug2024,https://github.com/vigneshonlinetutor/TestTribe_Playwright_Cucumber_Workshop_Aug2024,nodejs,False,True,STRONG,False,,False,,,
vijayravindran90/playwright-cucumber-bdd,https://github.com/vijayravindran90/playwright-cucumber-bdd,nodejs,False,True,STRONG,True,main.yml,True,main,,False
vikramvi/appium-cucumber-poc,https://github.com/vikramvi/appium-cucumber-poc,java,False,False,,False,,False,,,
vikramvi/serenity-cucumber-wl,https://github.com/vikramvi/serenity-cucumber-wl,java,False,False,,False,,False,,,
vikuliyana/Playwright-Cucumber,https://github.com/vikuliyana/Playwright-Cucumber,nodejs,False,True,STRONG,True,playwright.yml,True,main,,False
vinaykumarvvs/sample-playwright-cucumber-framework,https://github.com/vinaykumarvvs/sample-playwright-cucumber-framework,nodejs,False,True,STRONG,True,tests.yml,True,main,,False
vincemtnz/miniature-waffle,https://github.com/vincemtnz/miniature-waffle,nodejs,False,False,,True,main.yml,False,,,
vinjatovix/ts-api,https://github.com/vinjatovix/ts-api,nodejs,False,False,,True,build_matrix.yml;sonar_check.yml,True,,,
vitaly-kashtalyan/cucumber-selenide-allure2,https://github.com/vitaly-kashtalyan/cucumber-selenide-allure2,java,False,False,,False,,False,,,
vivekg13186/cucumber-camunda-js,https://github.com/vivekg13186/cucumber-camunda-js,nodejs,False,False,,False,,False,,,
vlsidlyarevich/JUnit-example,https://github.com/vlsidlyarevich/JUnit-example,java,False,False,,False,,False,,,
vondacho/arch-blueprint-java,https://github.com/vondacho/arch-blueprint-java,java,False,False,,True,build.yml;publish.yml,True,,,
vtimonov/cucumberjs-parallel,https://github.com/vtimonov/cucumberjs-parallel,nodejs,False,False,,False,,False,,,
vznd/cucumber-selenium-tests,https://github.com/vznd/cucumber-selenium-tests,java,False,False,,True,maven.yml,True,,,
waheedahmed55/selenium-cucumber,https://github.com/waheedahmed55/selenium-cucumber,java,False,False,,False,,False,,,
waqaszulfiqar/bdd_cucumber_puppeteer,https://github.com/waqaszulfiqar/bdd_cucumber_puppeteer,nodejs,False,False,,False,,False,,,
wavcita/cucumber,https://github.com/wavcita/cucumber,nodejs,False,True,MEDIUM,False,,False,,,
webdriverio-community/wdio-rerun-service,https://github.com/webdriverio-community/wdio-rerun-service,nodejs,False,False,,True,code-quality.yml;expense.yml;release.yml;test.yml;update.yml,True,,,
wenqiglantz/customer-service,https://github.com/wenqiglantz/customer-service,java,False,False,,True,codeql.yml;maven.yml,False,,,
wernerthiago/js_cucumber_appium,https://github.com/wernerthiago/js_cucumber_appium,nodejs,False,False,,False,,False,,,
widyaryn/12febcucumber,https://github.com/widyaryn/12febcucumber,nodejs,False,False,,False,,False,,,
wireapp/picklejar-engine,https://github.com/wireapp/picklejar-engine,java,False,False,,False,,False,,,
wisnuwm/automation-bdd-tokped,https://github.com/wisnuwm/automation-bdd-tokped,java,False,False,,False,,False,,,
wittman26/cucumbertsbasics,https://github.com/wittman26/cucumbertsbasics,nodejs,False,False,,False,,False,,,
wjpowell/cucumber-jvm-jms-example,https://github.com/wjpowell/cucumber-jvm-jms-example,java,False,False,,False,,False,,,
x-eight/BDD-cucumber,https://github.com/x-eight/BDD-cucumber,nodejs,False,False,,False,,False,,,
xjc90s/cucumber-playwright,https://github.com/xjc90s/cucumber-playwright,nodejs,False,True,STRONG,True,test.yml,True,master,failure,False
xjc90s/cucumber7-ts-starter,https://github.com/xjc90s/cucumber7-ts-starter,nodejs,False,False,,False,,False,,,
yaffol/cucumber-playwright,https://github.com/yaffol/cucumber-playwright,nodejs,False,True,STRONG,True,test.yml,True,master,,False
yahia-salah/selenium_cucumber_js,https://github.com/yahia-salah/selenium_cucumber_js,nodejs,False,False,,False,,False,,,
yatskevich/cucumber-jvm-gradle-javaexec,https://github.com/yatskevich/cucumber-jvm-gradle-javaexec,java,False,False,,False,,False,,,
yazidisme/selenium-cucumber-framework,https://github.com/yazidisme/selenium-cucumber-framework,java,False,False,,False,,False,,,
yazidisme/selenium-cucumber-page-object-example,https://github.com/yazidisme/selenium-cucumber-page-object-example,java,False,False,,False,,False,,,
yikerz/CucumberTestWithPlaywright,https://github.com/yikerz/CucumberTestWithPlaywright,nodejs,False,True,STRONG,True,playwright.yml,True,main,,False
youvegotnigel/cucmber-java-testng-saucelabs,https://github.com/youvegotnigel/cucmber-java-testng-saucelabs,java,False,False,,True,maven.yml,True,,,
yrvvan/automation-api-cucumber-ci,https://github.com/yrvvan/automation-api-cucumber-ci,nodejs,False,False,,True,node.js.yml,True,,,
yuvrajchavale/Real-Time-Cucumber-Project-,https://github.com/yuvrajchavale/Real-Time-Cucumber-Project-,java,False,False,,False,,False,,,
yvonnekw/contact-list-serenity-playwright,https://github.com/yvonnekw/contact-list-serenity-playwright,nodejs,False,True,STRONG,True,main.yml,True,main,,False
yyusuffbudakk/cydeo_cucumber-junit,https://github.com/yyusuffbudakk/cydeo_cucumber-junit,java,False,False,,False,,False,,,
yyzahran/SeleniumFrameworkUsingJava,https://github.com/yyzahran/SeleniumFrameworkUsingJava,java,False,False,,False,,False,,,
zaferatakli/E-JunkieDemoShopProject_Cucumber,https://github.com/zaferatakli/E-JunkieDemoShopProject_Cucumber,java,False,False,,False,,False,,,
zaferatakli/MagentoCucumber_Project,https://github.com/zaferatakli/MagentoCucumber_Project,java,False,False,,False,,False,,,
zaferatakli/ParaBankCucumberProject,https://github.com/zaferatakli/ParaBankCucumberProject,java,False,False,,False,,False,,,
zaferatakli/TechnoStudyProject_Cucumber,https://github.com/zaferatakli/TechnoStudyProject_Cucumber,java,False,False,,False,,False,,,
zakgrant/jersey-cucumber,https://github.com/zakgrant/jersey-cucumber,java,False,False,,False,,False,,,
zbcjackson/cucumber-ai,https://github.com/zbcjackson/cucumber-ai,nodejs,True,True,MEDIUM,True,ci.yml;release.yml,True,master,success,True
zebrunner/carina-cucumber,https://github.com/zebrunner/carina-cucumber,java,False,False,,True,deploy-maven-central.yml,False,,,
zeinmuhammad25/Automation-With-Cucumber-On-Website-Sauce-Demo,https://github.com/zeinmuhammad25/Automation-With-Cucumber-On-Website-Sauce-Demo,java,False,False,,False,,False,,,
zenoyu/java-maven-cucumber-selenium,https://github.com/zenoyu/java-maven-cucumber-selenium,java,False,False,,False,,False,,,
zhmajewska/playwright-cucumber,https://github.com/zhmajewska/playwright-cucumber,nodejs,False,True,STRONG,False,,False,,,
znsio/teswiz,https://github.com/znsio/teswiz,java,False,False,,True,BrowserStack_PDF_CI.yml;BrowserStack_Web_Android_MultiUser_CI.yml;Build_And_Run_Unit_Tests_CI.yml;HardGate_CI.yml;InteractiveCLI_CI.yml;codeql-analysis.yml,True,,,
zodgevaibhav/cucumber-selenium-framework,https://github.com/zodgevaibhav/cucumber-selenium-framework,java,False,False,,False,,False,,,
